"Main ID","Incident ID",Region,"Incident Date",Year,"Reported Month","Number Dead","Minimum Estimated Number of Missing","Number of Survivors","Number of Females","Number of Males","Number of Children","Region of Origin","Cause of Death","Country of Origin","Location of death","Information Source",Coordinates,"Migration route",URL,"UNSD Geographical Grouping","Source Quality"
2026.MMP0001,2026.MMP0001,"Western Asia","Thu, 01/01/2026 - 12:00",2026,January,1,0,,,1,,"Western Asia","Harsh environmental conditions / lack of adequate shelter, food, water",Iraq,"In the snow 5km away from Ortasu/Roboski village, Şırnak, Türkiye","964media, Rudaw","37.34265178, 42.99259985","Türkiye-Europe land route","https://perma.cc/C936-8SNV, https://perma.cc/Z83T-X4LD, https://perma.cc/B58L-XY9B","Western Asia",3
2026.MMP0002,2026.MMP0002,Mediterranean,"Fri, 01/02/2026 - 12:00",2026,January,1,0,,,1,1,"Northern Africa",Drowning,Morocco,"Remains washed ashore at Rincón de M'diq, Morocco - missing during Ceuta crossing since 29 Dec","El Faro de Ceuta","35.68266281, -5.31212994","Western Mediterranean",https://perma.cc/NX5Y-ZH2M,Uncategorized,1
2026.MMP0003,2026.MMP0003,"Northern Africa","Sat, 01/03/2026 - 12:00",2026,January,1,0,165,,1,,"Sub-Saharan Africa","Harsh environmental conditions / lack of adequate shelter, food, water",Unknown,"Near Punta Amarilla South of Tenerife, Canary Islands, Spain","112 Canarias, Slavamneto Maritimo, Europa Press, El Diario","27.84315244, -16.59024098","Western Africa / Atlantic route to the Canary Islands","https://perma.cc/GST4-DKPS, https://perma.cc/S35C-MAJQ, https://perma.cc/M88H-Q35Q, https://perma.cc/8YJU-VLF3",Uncategorized,5
2026.MMP0004,2026.MMP0004,Mediterranean,"Sat, 01/03/2026 - 12:00",2026,January,1,0,,,1,,"Northern Africa",Drowning,Morocco,"Near the breakwater of Tarajal beach, Ceuta, Spain","La Razon, Europa Press, El Pueblo de Ceuta","35.87214373, -5.343058568","Western Mediterranean","https://perma.cc/7U3G-T3YP, https://perma.cc/23UT-N82S, https://perma.cc/8UBS-7NT9",Uncategorized,3
2026.MMP0005,2026.MMP0005,Mediterranean,"Sat, 01/03/2026 - 12:00",2026,January,1,1,79,,1,,"Northern Africa",Drowning,Algeria,"Off the coast of Antiguo Cargadero de Minerales, Agua Amarga, Níjar, Almería, Spain","Andalucia Informacion, ABC de Almeria","36.93235526, -1.928075824","Western Mediterranean","https://perma.cc/6SHG-5WCR, https://perma.cc/4EE6-QLDE",Uncategorized,3
2026.MMP0006,2026.MMP0006,"Central America","Sun, 01/04/2026 - 12:00",2026,January,1,0,,,1,,"Latin America / Caribbean (P)","Vehicle accident / death linked to hazardous transport",Unknown,"On train tacks in Pueblo Nuevo, close to Tuxtepec, Oaxaca, Mexico","El Pinero","18.14611646, -96.08555154",,https://perma.cc/7ADS-JAK8,Uncategorized,1
2026.MMP0007,2026.MMP00078,"Western Africa","Wed, 01/07/2026 - 12:00",2026,January,25,66,111,,,,"Western Africa (P)",Drowning,Mixed,"Bodies washed ashore at Jinack Village, North Bank Region, The Gambia","IOM Gambia, The Gambia Office of the President, InfoMigrants","13.58948608, -16.54888183","Western Africa / Atlantic route to the Canary Islands","https://perma.cc/C6A5-BJMG, https://perma.cc/6K5Z-TMXJ","Western Africa",5
2026.MMP0007,2026.MMP00079,"Western Africa","Wed, 01/07/2026 - 12:00",2026,January,16,0,17,,,,"Western Africa (P)",Drowning,Mixed,"Bodies washed ashore at Djinack, Senegal","IOM Gambia, The Gambia Office of the President, InfoMigrants","13.59345835, -16.54849987","Western Africa / Atlantic route to the Canary Islands","https://perma.cc/C6A5-BJMG, https://perma.cc/6K5Z-TMXJ","Western Africa",5
2026.MMP0008,2026.MMP0008,"Central America","Mon, 01/05/2026 - 12:00",2026,January,1,,1,,1,,"Central America",Drowning,Mexico,"Rio Bravo around Isla del Mudo, Piedras Negras, Coahuila, Mexico","Zocalo, Posta Coahuila","28.72922264, -100.5082263","US-Mexico border crossing","https://perma.cc/2G8V-ZAJL, https://perma.cc/MEW3-7P93, https://perma.cc/ZSV7-FT7A","Central America",3
2026.MMP0009,2026.MMP0009,"Eastern Africa","Tue, 01/06/2026 - 12:00",2026,January,22,0,65,,,,"Eastern Africa","Vehicle accident / death linked to hazardous transport",Ethiopia,"Samera, Afar, Ethiopia en route to Djibouti","Afar Communication Bureau, Al Jazeera, BBC","11.79214435, 41.00985993","Eastern Route to/from EHOA","https://perma.cc/YB5F-ZCVT?type=standard, https://perma.cc/2XAS-3T5Q, https://perma.cc/PV9X-N53V","Eastern Africa",5
2026.MMP0010,2026.MMP0010,"Northern Africa","Tue, 01/06/2026 - 12:00",2026,January,1,0,142,,,,Unknown,"Harsh environmental conditions / lack of adequate shelter, food, water",Unknown,"26 KM off La Gomera near port of San Sebastián, Canary Islands, Spain","112 Canarias, El Diario","27.94732923, -16.90914009","Western Africa / Atlantic route to the Canary Islands","https://perma.cc/D2EJ-5XJN, https://perma.cc/2FD2-LVDH",Uncategorized,5
2026.MMP0011,2026.MMP0011,"Western Asia","Fri, 01/02/2026 - 12:00",2026,January,1,0,,,1,,"Southern Asia (P)","Harsh environmental conditions / lack of adequate shelter, food, water",Unknown,"An unspecified rural area of Ömerdağı, Başkale district of Van, Türkiye","Van Bölge Gazetesi, Van Hakimiyet, Van 65 Haber","38.3053919, 44.325548","Iran to Türkiye","https://perma.cc/3K9X-WYFE, https://perma.cc/47W2-VZSL, https://perma.cc/8JXZ-QU65","Western Asia",3
2026.MMP0012,2026.MMP0012,"South-eastern Asia","Fri, 01/02/2026 - 12:00",2026,January,1,0,,,1,,"South-eastern Asia","Sickness / lack of access to adequate healthcare",Indonesia,"After deportation from Malaysia, died at a government shelter of Indonesian Migrant Workers Protection Service Post (P4MI) in Dumai City, Riau, Indonesia","Migrant Times, Antara, Cakaplah","1.663012355, 101.434933",,"https://perma.cc/HJB4-2XEA, https://perma.cc/9Z7H-L4HY, https://perma.cc/2Z8F-J5RW","South-eastern Asia",3
2026.MMP0013,2026.MMP0013,Mediterranean,"Sat, 01/10/2026 - 12:00",2026,January,1,7,37,,,,Unknown,Drowning,Unknown,"20 km off the coast of Dikili, Türkiye, en route to Lesvos, Greece","Turkish Interior Minister via X, BirGun, Hurriyet Daily News","39.07545848, 26.66056318","Eastern Mediterranean","https://perma.cc/ZD98-V6XR, https://perma.cc/J8J7-NDDU, https://perma.cc/3HL6-5RH3",Uncategorized,5
2026.MMP0014,2026.MMP0014,"Western Africa","Sat, 01/10/2026 - 12:00",2026,January,1,0,61,,,,"Western Africa","Mixed or unknown",Ghana,"Remains recovered after rescue, disembarked at Mbatal beach, Senegal after departure from the Gambia on 3 January","EuropaPress, SeneWeb","14.73580472, -17.34603769","Western Africa / Atlantic route to the Canary Islands","https://perma.cc/UP5J-TVYG, https://perma.cc/H9NT-AEEM","Western Africa",3
2026.MMP0015,2026.MMP0015,"Western Africa","Thu, 01/15/2026 - 12:00",2026,January,2,0,106,,,,"Western Africa (P)","Mixed or unknown",Unknown,"275 km southeast of El Hierro, Gran Canaria, Spain after departure from the Gambia on 6 January","Humanitarian Pilots Initiative, El Diario, Radio 5","25.49723728, -16.61424175","Western Africa / Atlantic route to the Canary Islands","https://perma.cc/N28J-AV7G, https://perma.cc/945J-NMSJ",Uncategorized,4
2026.MMP0016,2026.MMP0016,Mediterranean,"Fri, 01/09/2026 - 12:00",2026,January,1,0,,,,,Unknown,"Mixed or unknown",Unknown,"Remains recovered in sewer pipe bordering with Melilla, Spain in Beni Ansar, Nador, Morocco","ZayoCity, Dalil Rif","35.26720264, -2.940675218","Western Mediterranean","https://perma.cc/W2KX-S7PJ, https://perma.cc/EU83-SU35",Uncategorized,3
2026.MMP0017,2026.MMP0017,Europe,"Tue, 01/13/2026 - 12:00",2026,January,1,0,,,1,,"Southern Asia","Harsh environmental conditions / lack of adequate shelter, food, water",Nepal,"Porto Franco Vecchio, Trieste, Italy","InfoMigrants, Vie di Fuga","45.66622742, 13.76142585",,"https://perma.cc/7YDQ-N7UJ, https://perma.cc/9HW4-TZEB","Southern Europe",3
2026.MMP0018,2026.MMP0018,Mediterranean,"Tue, 01/20/2026 - 12:00",2026,January,1,0,,,1,,Unknown,Drowning,Unknown,"Remains washed ashore at Cala Agualla, Mallorca, Balearic Islands, Spain","Ara Balears, 20 minutos","39.7210213, 3.454696048","Western Mediterranean","https://perma.cc/DV28-CQX7, https://perma.cc/4Q9E-TRZK",Uncategorized,3
2026.MMP0019,2026.MMP0019,"Central America","Fri, 01/09/2026 - 12:00",2026,January,4,0,,1,2,1,Caribbean,"Accidental death",Cuba,"Undetermined location in the municipality of Texcoco, Mexico City, Mexico","Embajada de la República de Cuba en México,14 y medio, Cibercuba,Cuba en Miami","19.50610743, -98.88442409",,"https://perma.cc/W8MB-RFD5?type=standard, https://perma.cc/9QJ6-D5DT, https://perma.cc/6X3T-EKLR, https://perma.cc/29MP-QRKW","Central America",5
2026.MMP0020,2026.MMP0020,"Central America","Sat, 01/10/2026 - 12:00",2026,January,1,0,,,1,,"Central America",Drowning,Mexico,"Rio Bravo close to Paseo del Río, Piedras Negras, Coahuila, Mexico","El Financiero, El Mañana","28.70380439, -100.5119885","US-Mexico border crossing","https://perma.cc/TF3S-K7ZF, https://perma.cc/8MK8-4E7Q","Central America",3
2026.MMP0021,2026.MMP0021,"North America","Thu, 01/15/2026 - 12:00",2026,January,1,0,,,1,,"Central America","Harsh environmental conditions / lack of adequate shelter, food, water",Guatemala,"Undeterminded location close to Sierra Blanca, Huspeth County, Texas, United States of America","El Piñero, Fondo noticias","31.17105601, -105.3623354","US-Mexico border crossing","https://perma.cc/LFQ2-XXES, https://perma.cc/4NC5-JV22","Northern America",3
2026.MMP0022,2026.MMP0022,"Central America","Sat, 01/17/2026 - 12:00",2026,January,1,0,,,1,,"Central America","Accidental death","El Salvador","Hospital General de Gomez Palacio, De Las Violetas 1152, Rinconadas Bugambilias, 35010, Durango, Mexico",Telediario,"25.59104801, -103.484501",,https://perma.cc/ZNE9-YRAQ,"Central America",1
2026.MMP0023,2026.MMP0023,"South-eastern Asia","Mon, 01/19/2026 - 12:00",2026,January,4,0,10,2,2,,"South-eastern Asia","Vehicle accident / death linked to hazardous transport","Lao People's Democratic Republic","An unspecified distance on Road #2004 towards Watthana Nakhon district, happening in Sai Dieo, Khlong Hat district, Sa Kaeo province, Thailand","Khaosod, Amarin TV, Thairath, Channel 7","13.61068101, 102.264972",,"https://perma.cc/GUG6-HLDU, https://perma.cc/QR3V-2K68, https://perma.cc/W7HV-B39G, https://perma.cc/4GWK-KG6A","South-eastern Asia",4
2026.MMP0024,2026.MMP0024,"South-eastern Asia","Wed, 01/21/2026 - 12:00",2026,January,3,0,14,,3,,"South-eastern Asia","Vehicle accident / death linked to hazardous transport",Myanmar,"Unspecified distance near village security post, Thung Nari-Phru Pho road, Moo 3, Pa Bon district, Phatthalung province, Thailand","Pa Bon Police, Thairath, Amarin TV, Channel 7, Matichon","7.19763522, 100.215886",,"https://perma.cc/6AWR-6FDR, https://perma.cc/897W-QRFL, https://perma.cc/6YHF-E4U5, https://perma.cc/PPN6-ZPQV","South-eastern Asia",5
2026.MMP0025,2026.MMP0025,"Northern Africa","Thu, 01/15/2026 - 12:00",2026,January,21,0,10,,,,Unknown,Violence,Unknown,"Bodies found in a mass grave in a holding site in Ajdabiya, Libya","Libya's Attorney General Office, IOM Libya, Al-Wasat, Reuters, InfoMigrants","29.9980923, 20.09973461",,"https://perma.cc/T9NK-W4H6?type=standard, https://perma.cc/MT9R-MSPS, https://perma.cc/CA4Z-7Q5H, https://perma.cc/D5FD-VGFC","Northern Africa",5
2026.MMP0026,2026.MMP0026,Mediterranean,"Thu, 01/22/2026 - 12:00",2026,January,,1,2,,1,,"Northern Africa",Drowning,Morocco,"Unspecified location off Ceuta, Spain - during a crossing attempt from Belyounech","Ar.Telquel, Zai City, El Faro de Ceuta","35.91814489, -5.38164856","Western Mediterranean","https://perma.cc/CD7L-RKHZ, https://perma.cc/NUJ7-6U38, https://perma.cc/4R2L-3TNE",Uncategorized,3
2026.MMP0028,2026.MMP002830,Mediterranean,"Fri, 01/23/2026 - 12:00",2026,January,1,0,60,,1,,Unknown,"Harsh environmental conditions / lack of adequate shelter, food, water",Unknown,"Upon arrival at Lampedusa, Italy - departure from Sfax, Tunisia on 21 Jan","IOM Italy, UNICEF, Save the Children","35.49488282, 12.60507866","Central Mediterranean","https://perma.cc/CK9M-4GGS, https://perma.cc/KBH8-HFFJ, https://perma.cc/H73Y-ZGHC",Uncategorized,4
2026.MMP0028,2026.MMP002831,Mediterranean,"Fri, 01/23/2026 - 12:00",2026,January,,2,,2,,2,"Western Africa","Harsh environmental conditions / lack of adequate shelter, food, water",Guinea,"shortly before arrival at Lampedusa, Italy - departure from Sfax, Tunisia on 21 Jan","IOM Italy, UNICEF, Save the Children","35.4702051, 12.58316789","Central Mediterranean","https://perma.cc/CK9M-4GGS, https://perma.cc/KBH8-HFFJ, https://perma.cc/H73Y-ZGHC",Uncategorized,4
2026.MMP0029,2026.MMP0029,Mediterranean,"Sat, 01/24/2026 - 12:00",2026,January,2,3,50,1,,1,Unknown,Drowning,Unknown,"In the Northern coast of Icaria, Greece - departure from Çeşme, Türkiye on 23 Jan","IOM Greece, Hellenic Coast Guard","37.66622821, 26.13036012","Eastern Mediterranean",https://perma.cc/8X6U-U9CP,Uncategorized,5
2026.MMP0030,2026.MMP0030,Mediterranean,"Thu, 01/22/2026 - 12:00",2026,January,,50,1,,,,Unknown,Drowning,Unknown,"in the Mediterranean Sea at 34° 44.1149' N 11° 55.4244' E  - departure from Tunisia the day before","IOM Italy, Alarm Phone, STAR vessel captain via Al Masry Al youm","34.7353273, 11.92369709","Central Mediterranean","https://perma.cc/5VG9-DBEE, https://perma.cc/YXZ4-MRGG",Uncategorized,4
2026.MMP0031,2026.MMP0031,Europe,"Tue, 01/27/2026 - 12:00",2026,January,1,0,,,1,,"Sub-Saharan Africa (P)","Vehicle accident / death linked to hazardous transport",Unknown,"Found dead on a public road in the Transmarck area, Marck, Pas-de-Calais, France","Actu.fr, Ouest-France, InfoMigrants","50.94777281, 1.943878171","Mainland Europe to the UK","https://perma.cc/5NHP-6WGG, https://perma.cc/H8TU-FK7Y, https://perma.cc/WU6F-744J","Western Europe",3
2026.MMP0032,2026.MMP0032,Mediterranean,"Tue, 01/27/2026 - 12:00",2026,January,1,0,,,1,,Unknown,Drowning,Unknown,"Remains found floating near the dock of port of Palma, Mallorca, Balearic Islands, Spain","Europa Press, Ultima Hora","39.55593711, 2.640539012","Western Mediterranean","https://perma.cc/NMW5-S4V7, https://perma.cc/3EYR-4PBC",Uncategorized,3
2026.MMP0033,2026.MMP0033,Mediterranean,"Sun, 01/25/2026 - 12:00",2026,January,1,0,,,1,,"Sub-Saharan Africa","Harsh environmental conditions / lack of adequate shelter, food, water",Unknown,"Remains found in the wooded area near the Ceuta-Morocco border fence, Spain","El Faro de Ceuta, El Pueblo de Ceuta, Sada","35.87117621, -5.345133838","Western Mediterranean","https://perma.cc/T6S8-2Z5Q, https://perma.cc/2RLQ-K8NU, https://perma.cc/6LTP-WP3L","Northern Africa",3
2026.MMP0034,2026.MMP0034,"Central America","Mon, 01/26/2026 - 12:00",2026,January,1,0,1,,1,,"Central America",Violence,Honduras,"Close to Comedor San Judas Tadeo (San Judas Tadeo Restaurant), Fraccionamiento Rancho Valle del Lago, Tlacolula de Matamoros,Oaxaca, México",Meganoticias,"16.97952077, -96.50258342",,https://perma.cc/3VP8-W23G,"Central America",1
2026.MMP0035,2026.MMP0035,Mediterranean,"Fri, 01/30/2026 - 12:00",2026,January,1,0,,1,,,"Sub-Saharan Africa (P)",Drowning,Unknown,"Remains recovered at coordinates specified. Remains disembarked in Siracusa on 31 January 2026","SOS Mediterranee","34.273, 12.358","Central Mediterranean",,Uncategorized,4
2026.MMP0036,2026.MMP0036,Mediterranean,"Tue, 02/03/2026 - 12:00",2026,February,15,0,24,4,11,,"Southern Asia","Mixed or unknown",Afghanistan,"After collision with Greek Coast Guard patrol vessel near Chios, Greece. Impact caused vessel to break apart, throwing passengers into the sea. 14 bodies initially recovered, with 15th death occuring in Chios hospital due to injuries sustained","IOM Greece, Reuters, InfoMigrants","38.35763462, 26.15758874","Eastern Mediterranean","https://perma.cc/Y3NE-RZWL, https://perma.cc/MBK8-YKV4",Uncategorized,4
2026.MMP0037,2026.MMP0037,Mediterranean,"Tue, 02/03/2026 - 12:00",2026,February,1,0,,,1,,Unknown,"Mixed or unknown",Unknown,"Decomposed remains spotted floating off the coast of Libya at 12:55 am(see coordinates for exact location)","SOS Humanity","34.108, 12.255","Central Mediterranean",https://perma.cc/997D-SVFG,Uncategorized,4
2026.MMP0038,2026.MMP0038,Caribbean,"Sat, 01/17/2026 - 12:00",2026,January,5,0,,5,,,Caribbean,Violence,Haiti,"Remains found in the bed of the Caña River (Rio Caña), Elias Piña, Dominican Republic","El Día Republica Dominicana, Diario Libre","18.87548039, -71.63394948","Haiti to Dominican Republic","https://archive.ph/vAjJ0, https://perma.cc/LY3D-THSZ, https://perma.cc/MT9S-2P6F",Caribbean,3
2026.MMP0039,2026.MMP0039,Mediterranean,"Wed, 01/14/2026 - 12:00",2026,January,,36,,,,,Unknown,Drowning,Unknown,"Unspecified location after departure from Sfax, Tunisia","Nuovi Desaparecidos, Refugees for Libya (reporting shipwrecks), Italian Coast Guard (distress reports)","35.09908033, 11.81081933","Central Mediterranean","https://perma.cc/5AFA-XJN3, https://perma.cc/5CL7-NXCY",Uncategorized,4
2026.MMP0040,2026.MMP0040,Mediterranean,"Wed, 01/14/2026 - 12:00",2026,January,,42,,,,,Unknown,Drowning,Unknown,"Unspecified location after departure from Sfax, Tunisia","Nuovi Desaparecidos, Refugees for Libya (reporting shipwrecks), Italian Coast Guard (distress reports)","35.10543596, 12.1293281","Central Mediterranean","https://perma.cc/5AFA-XJN3, https://perma.cc/5CL7-NXCY",Uncategorized,4
2026.MMP0041,2026.MMP0041,Mediterranean,"Wed, 01/14/2026 - 12:00",2026,January,,53,,,,,Unknown,Drowning,Unknown,"Unspecified location after departure from Sfax, Tunisia","Nuovi Desaparecidos, Refugees for Libya (reporting shipwrecks), Italian Coast Guard (distress reports)","35.18801398, 11.86519888","Central Mediterranean","https://perma.cc/5AFA-XJN3, https://perma.cc/5CL7-NXCY",Uncategorized,4
2026.MMP0042,2026.MMP0042,Mediterranean,"Wed, 01/14/2026 - 12:00",2026,January,,45,,,,,Unknown,Drowning,Unknown,"Unspecified location after departure from Sfax, Tunisia","Nuovi Desaparecidos, Refugees for Libya (reporting shipwrecks), Italian Coast Guard (distress reports)","35.28953337, 11.92734693","Central Mediterranean","https://perma.cc/5AFA-XJN3, https://perma.cc/5CL7-NXCY",Uncategorized,4
2026.MMP0043,2026.MMP0043,Mediterranean,"Sun, 01/18/2026 - 12:00",2026,January,,45,,,,,Unknown,Drowning,Unknown,"Unspecified location after departure from Sfax, Tunisia","Nuovi Desaparecidos, Refugees for Libya (reporting shipwrecks), Italian Coast Guard (distress reports)","35.20705854, 11.63214368","Central Mediterranean","https://perma.cc/5AFA-XJN3, https://perma.cc/5CL7-NXCY",Uncategorized,4
2026.MMP0044,2026.MMP0044,Mediterranean,"Tue, 01/20/2026 - 12:00",2026,January,,54,,,,,Unknown,Drowning,Unknown,"Unspecified location after departure from Sfax, Tunisia","Nuovi Desaparecidos, Refugees for Libya (reporting shipwrecks), Italian Coast Guard (distress reports)","34.80618656, 11.64768069","Central Mediterranean","https://perma.cc/5AFA-XJN3, https://perma.cc/5CL7-NXCY",Uncategorized,4
2026.MMP0045,2026.MMP0045,Mediterranean,"Tue, 01/20/2026 - 12:00",2026,January,,51,,,,,Unknown,Drowning,Unknown,"Unspecified location after departure from Sfax, Tunisia","Nuovi Desaparecidos, Refugees for Libya (reporting shipwrecks), Italian Coast Guard (distress reports)","35.31489336, 11.88073589","Central Mediterranean","https://perma.cc/5AFA-XJN3, https://perma.cc/5CL7-NXCY",Uncategorized,4
2026.MMP0046,2026.MMP0046,Mediterranean,"Wed, 01/21/2026 - 12:00",2026,January,,49,,,,,Unknown,Drowning,Unknown,"Unspecified location after departure from Sfax, Tunisia","Nuovi Desaparecidos, Refugees for Libya (reporting shipwrecks), Italian Coast Guard (distress reports)","35.13720665, 12.02056901","Central Mediterranean","https://perma.cc/5AFA-XJN3, https://perma.cc/5CL7-NXCY",Uncategorized,4
2026.MMP0047,2026.MMP0047,Mediterranean,"Tue, 02/03/2026 - 12:00",2026,February,1,0,,,1,,Unknown,"Mixed or unknown",Unknown,"Decomposed remains spotted floating off the coast of Libya at 10 am (see coordinates for exact location)","SOS Humanity","34.173, 12.255","Central Mediterranean",https://perma.cc/997D-SVFG,Uncategorized,4
2026.MMP0048,2026.MMP0048,Mediterranean,"Thu, 01/29/2026 - 12:00",2026,January,1,0,,,1,,"Sub-Saharan Africa (P)","Harsh environmental conditions / lack of adequate shelter, food, water",Unknown,"Close to arroyo de Calamocarro, Ceuta, Spain - after jumping border fence","Ceuta Ahora, Ceuta TV, Press Tetouan","35.90922583, -5.366240604","Western Mediterranean","https://perma.cc/7266-5FFT, https://perma.cc/8MTJ-3HGP, https://perma.cc/YU34-KJDT","Northern Africa",3
2026.MMP0049,2026.MMP0049,Mediterranean,"Sun, 02/08/2026 - 12:00",2026,February,1,0,,,1,,"Sub-Saharan Africa (P)","Harsh environmental conditions / lack of adequate shelter, food, water",Unknown,"Close to San Francisco de Asis Tower, Ceuta, Spain - after jumping border fence","Halainfo, El Faro de Ceuta","35.88665952, -5.367600286","Western Mediterranean","https://perma.cc/BM97-AX7R, https://perma.cc/BCS2-H3AC","Northern Africa",3
2026.MMP0050,2026.MMP0050,Mediterranean,"Sun, 02/08/2026 - 12:00",2026,February,1,0,,,1,,Unknown,Drowning,Unknown,"Remains washed ashore at Algarrobo beach, Benzu crossing, Ceuta, Spain","El Faro de Ceuta, Diario de Mallorca, Ceuta Actualidad","35.91275791, -5.38204656","Western Mediterranean","https://perma.cc/8DTV-ZVY5, https://archive.ph/KdyG8, https://perma.cc/AM3X-58AS",Uncategorized,3
2026.MMP0051,2026.MMP0051,Mediterranean,"Thu, 02/05/2026 - 12:00",2026,February,,53,2,,,2,Mixed,Drowning,Mixed,"North of Zuwara, Libya- departed from Al-Zawiya, Libya, at around 11:00 p.m. on 5 February","IOM Libya","32.93977975, 12.09193346","Central Mediterranean",https://perma.cc/4PM4-MX9G,Uncategorized,4
2026.MMP0052,2026.MMP0052,Mediterranean,"Thu, 02/05/2026 - 12:00",2026,February,1,0,5,,,,Unknown,Drowning,Unknown,"Rescued by commercial ship Bice Amoretti in the Strait of Gibraltar, 15 nautical miles off Ceuta, Spain","El Faro de Ceuta, EFE, El Confidencial","35.95235352, -5.644353823","Western Mediterranean","https://perma.cc/3636-DEJ6, https://perma.cc/5BFR-94RK",Uncategorized,3
2026.MMP0053,2026.MMP0053,Mediterranean,"Thu, 02/05/2026 - 12:00",2026,February,1,0,2,,,,Unknown,Drowning,Unknown,"Off the coast of Punta Almina, Ceuta, Spain","El Faro de Ceuta, EFE, El Confidencial","35.90085369, -5.278614511","Western Mediterranean","https://perma.cc/3636-DEJ6, https://perma.cc/5BFR-94RK",Uncategorized,3
2026.MMP0054,2026.MMP0054,"Western Asia","Thu, 01/29/2026 - 12:00",2026,January,1,0,,1,,,"Western Asia",Drowning,"Syrian Arab Republic","Al-Kabir River in the Arida area, at the Syrian-Lebanon border","Achrafia News, MTV Lebanon News","34.63311413, 36.03390826",,"https://perma.cc/33WX-63BP, https://perma.cc/9ULE-HRMP","Western Asia",3
2026.MMP0055,2026.MMP0055,"Northern Africa","Thu, 02/05/2026 - 12:00",2026,February,1,0,,,1,,"Northern Africa","Vehicle accident / death linked to hazardous transport",Morocco,"Nador Beni Ansar Port, Nador, Morocco","Nador City","35.27130532, -2.918220012",,https://perma.cc/QM58-3K52,"Northern Africa",1
2026.MMP0056,2026.MMP0056,Mediterranean,"Thu, 02/12/2026 - 12:00",2026,February,3,4,38,,,,Unknown,Drowning,Unknown,"Off the coast of Foça district of İzmir province, Türkiye","Turkish Coast Guard, AA, Evrensel","38.68470212, 26.70947755","Eastern Mediterranean","https://perma.cc/WCU6-X3E9, https://perma.cc/WD3A-N5G7",Uncategorized,5
2026.MMP0057,2026.MMP0057,"Western Asia","Wed, 02/11/2026 - 12:00",2026,February,1,0,27,,1,,"Southern Asia","Harsh environmental conditions / lack of adequate shelter, food, water",Afghanistan,"Kutlu, Düzce Province,  Türkiye","IHA, Hurriyet","40.76985014, 31.14946015",,"https://perma.cc/U7W3-HSZ2, https://perma.cc/9N3X-TS3Y","Western Asia",3
2026.MMP0058,2026.MMP0058,Europe,"Sun, 02/08/2026 - 12:00",2026,February,2,0,,,2,,Unknown,"Harsh environmental conditions / lack of adequate shelter, food, water",Unknown,"By the Evros river, close to Nea Vyssa, Greece","various media sources via IOM Greece, Ekathimerini","41.58397095, 26.59763076","Türkiye-Europe land route",https://perma.cc/G557-4GA9,"Southern Europe",3
2026.MMP0059,2026.MMP005962,Caribbean,"Tue, 02/10/2026 - 12:00",2026,February,2,0,13,2,,,"South America",Drowning,"Venezuela (Bolivarian Republic of)","Off the coast of Gaigirgordub (El Porvenir), Guna Yala, Panama","Infobae, Alberto News, Mi Diario, De Ultimo Minuto","9.559769719, -78.94971459",Darien,"https://perma.cc/G44L-9ABH, https://perma.cc/UNG3-P7S3, https://perma.cc/LT4S-P5HH?type=standard, https://perma.cc/4ZML-26LK",Caribbean,3
2026.MMP0059,2026.MMP005963,Caribbean,"Tue, 02/10/2026 - 12:00",2026,February,1,0,,,1,,"South America",Drowning,Colombia,"Off the coast of Gaigirgordub (El Porvenir), Guna Yala, Panama","Infobae, Alberto News, Mi Diario, De Ultimo Minuto","9.559769719, -78.94971459",Darien,"https://perma.cc/G44L-9ABH, https://perma.cc/UNG3-P7S3, https://perma.cc/LT4S-P5HH?type=standard, https://perma.cc/4ZML-26LK",Caribbean,3
2026.MMP0060,2026.MMP0060,"South-eastern Asia","Fri, 01/09/2026 - 12:00",2026,January,,39,,,,,"South-eastern Asia","Mixed or unknown",Myanmar,"Unspecified location in the Andaman Sea near Myanmar-Thai maritime border (after embarkation from Bangladesh and disembarkation in Malaysia)",UNHCR,"10.13246077, 97.705978","Bay of Bengal/Andaman Sea",https://data.unhcr.org/en/situations/myanmar#powerbi,Uncategorized,4
2026.MMP0061,2026.MMP0061,"Southern Asia","Sun, 01/25/2026 - 12:00",2026,January,25,0,,,25,,"Southern Asia","Harsh environmental conditions / lack of adequate shelter, food, water",Afghanistan,"Unspecified location near Iran-Türkiye border, Iranian side, Baghlachi-ye Olya, West Azerbaijan province","Radio Azadi (RFE/RL), AWJ News, Banu News Agency","38.84175145, 44.301726","Iran to Türkiye","https://perma.cc/7WNQ-22CW, https://perma.cc/AD57-SWNJ, https://perma.cc/257U-PEXX","Southern Asia",3
2026.MMP0062,2026.MMP0062,Mediterranean,"Mon, 01/26/2026 - 12:00",2026,January,,1,4,,1,,"Northern Africa",Drowning,Morocco,"Unspecified location en route to Ceuta after embarking from Fnideq, Morocco","El Faro de Ceuta, RifRess","35.8518161, -5.312047985","Western Mediterranean","https://perma.cc/WAS7-2QWL, https://perma.cc/YBM2-23VX",Uncategorized,3
2026.MMP0063,2026.MMP0063,Mediterranean,"Sat, 02/07/2026 - 12:00",2026,February,,1,,,1,,"Northern Africa",Drowning,Morocco,"Unspecified location en route to Ceuta after embarking from Fnideq, Morocco","El Faro de Ceuta, RifRess","35.8510519, -5.347184115","Western Mediterranean","https://perma.cc/WAS7-2QWL, https://perma.cc/YBM2-23VX",Uncategorized,3
2026.MMP0064,2026.MMP0064,Mediterranean,"Sat, 01/31/2026 - 12:00",2026,January,,1,,,,,"Northern Africa",Drowning,Morocco,"Unspecified location between Morocco and Ceuta","El Faro de Ceuta, TelQuel, Tanjaoui","35.91834486, -5.379490024","Western Mediterranean","https://perma.cc/PSN9-6PXL, https://perma.cc/C38M-HBMA, https://perma.cc/S5SS-CWEK",Uncategorized,3
2026.MMP0065,2026.MMP0065,Mediterranean,"Mon, 02/02/2026 - 12:00",2026,February,,1,1,,1,,"Northern Africa",Drowning,Morocco,"Unspecified location between Morocco and Ceuta","El Faro de Ceuta, hala info","35.87024126, -5.339334245","Western Mediterranean","https://perma.cc/3KUJ-QXV5, https://perma.cc/GBP9-B67X",Uncategorized,3
2026.MMP0066,2026.MMP0066,Mediterranean,"Mon, 02/02/2026 - 12:00",2026,February,,1,1,,1,,"Northern Africa",Drowning,Morocco,"Unspecified location between Belyounech, Morocco and Ceuta","El Faro de Ceuta, hala info","35.91438219, -5.385416877","Western Mediterranean","https://perma.cc/3KUJ-QXV5, https://perma.cc/GBP9-B67X",Uncategorized,3
2026.MMP0067,2026.MMP0067,Mediterranean,"Thu, 02/05/2026 - 12:00",2026,February,,1,7,,1,,"Northern Africa",Drowning,Morocco,"Unspecified location between Morocco and Ceuta","El Faro de Ceuta, Mobachir","35.87024126, -5.339334245","Western Mediterranean","https://perma.cc/3KUJ-QXV5, https://perma.cc/W59P-4296",Uncategorized,3
2026.MMP0068,2026.MMP0068,Mediterranean,"Wed, 02/04/2026 - 12:00",2026,February,,2,,,2,,"Northern Africa",Drowning,Algeria,"Unspecified location between Morocco and Ceuta - embarked from Fnideq, Morocco","El Faro de Ceuta, InfoMigrants, Jusoor Post","35.85052964, -5.334091158","Western Mediterranean","https://perma.cc/5MZD-NA9U, https://perma.cc/6QSM-U5AW, https://perma.cc/D2SQ-7J7F",Uncategorized,3
2026.MMP0069,2026.MMP0069,Mediterranean,"Fri, 02/06/2026 - 12:00",2026,February,,1,,,,1,"Northern Africa",Drowning,Morocco,"Unspecified location between Morocco and Ceuta - set from Tetouan, Morocco","El Faro de Ceuta, InfoMigrants, Jusoor Post","35.70921087, -5.290197258","Western Mediterranean","https://perma.cc/5MZD-NA9U, https://perma.cc/6QSM-U5AW, https://perma.cc/D2SQ-7J7F",Uncategorized,3
2026.MMP0070,2026.MMP0070,Mediterranean,"Sat, 02/07/2026 - 12:00",2026,February,,2,,,1,1,"Northern Africa",Drowning,Morocco,"Unspecified location between Belyounech, Morocco and Benzú, Ceuta","El Faro de Ceuta, 24 Saa","35.91574596, -5.38520853","Western Mediterranean","https://perma.cc/R8XZ-PFUN, https://perma.cc/GQ5M-Z6UB",Uncategorized,3
2026.MMP0071,2026.MMP0071,"Eastern Africa","Mon, 01/12/2026 - 12:00",2026,January,1,0,0,0,1,0,"Eastern Africa","Mixed or unknown",Ethiopia,"Remains found on a beach in Tadjourah, Djibouti","IOM Djibouti","11.7859977, 42.8864729","Eastern Route to/from EHOA",,"Eastern Africa",4
2026.MMP0072,2026.MMP0072,"Eastern Africa","Tue, 01/13/2026 - 12:00",2026,January,1,0,0,0,1,0,"Eastern Africa (P)","Mixed or unknown",Unknown,"Obock, Djibouti","IOM Djibouti","12.233381, 43.397972","Eastern Route to/from EHOA",,"Eastern Africa",4
2026.MMP0073,2026.MMP0073,Mediterranean,"Sat, 02/14/2026 - 12:00",2026,February,1,0,,,1,,Unknown,Drowning,Unknown,"Remains recovered off the coasts of Mutrad, Al-Zawiya, Libya","IOM Libya","32.79853783, 12.77185618","Central Mediterranean",,Uncategorized,4
2026.MMP0074,2026.MMP0074,Mediterranean,"Sun, 02/15/2026 - 12:00",2026,February,1,0,,,1,,"Northern Africa",Drowning,Tunisia,"Unspecified location off M'diq, Morocco en route to Ceuta","nichanealane, Press Tetouan, Nabd, Hala info","35.70822175, -5.31012147","Western Mediterranean","https://perma.cc/UEL2-Y6WF, https://perma.cc/XPJ4-D2DQ, https://perma.cc/PL4K-JLCS, https://perma.cc/GBP9-B67X",Uncategorized,3
2026.MMP0075,2026.MMP0075,Mediterranean,"Sun, 02/15/2026 - 12:00",2026,February,1,0,,,1,,"Northern Africa",Drowning,Morocco,"Unspecified location at sea near Benzú, Ceuta - embarked from Belyounech, Morocco on 4 Feb","El Faro de Ceuta, TelQuel","35.91600235, -5.379412937","Western Mediterranean","https://perma.cc/G3TU-E49V, https://perma.cc/S5LH-5HWT, https://perma.cc/YJK6-K6US",Uncategorized,3
2026.MMP0076,2026.MMP0076,"Western Asia","Mon, 02/16/2026 - 12:00",2026,February,1,0,,,1,,"Western Asia",Drowning,"Syrian Arab Republic","Remains found at Alkabir river near Shikh Ayyach (Addabousiyah border crossing), Lebanon","KPN Lebanon, Breaking News Leb","34.63288913, 36.11044427",,"https://perma.cc/93A4-WVK3, https://perma.cc/CW8X-EGM9, https://perma.cc/M6VH-8MBZ","Western Asia",3
2026.MMP0077,2026.MMP0077,Mediterranean,"Sun, 01/04/2026 - 12:00",2026,January,,1,,,1,,"Northern Africa",Drowning,Sudan,"Unspecified location in the Mediterranean 2 hours after embarkation from Zawiyah, Libya en route to Lampedusa","Media via Nuovi Desaparecidos","33.02767953, 12.71848298","Central Mediterranean",https://perma.cc/5FUE-ZK4K,Uncategorized,3
2026.MMP0078,2026.MMP0078,Mediterranean,"Thu, 01/15/2026 - 12:00",2026,January,1,1,14,,,,"Northern Africa (P)",Drowning,Unknown,"Unspecified location in Algerian SAR zone en route to the Balearic Islands - depature from Dellys, Algeria","CIPIMD via Nuovi Desaparecidos","37.00089333, 3.873406829","Western Mediterranean",https://perma.cc/5FUE-ZK4K,Uncategorized,4
2026.MMP0079,2026.MMP0079,Mediterranean,"Sat, 01/17/2026 - 12:00",2026,January,1,0,31,,,,Unknown,"Harsh environmental conditions / lack of adequate shelter, food, water",Unknown,"Off Gavdos, near the port of Paleochora, Greece - Libya-Crete crossing","Neakriti via Nuovi Desaparecidos","35.04709201, 23.83006823","Eastern Mediterranean",https://perma.cc/5FUE-ZK4K,Uncategorized,1
2026.MMP0080,2026.MMP0080,Mediterranean,"Sat, 01/17/2026 - 12:00",2026,January,1,0,33,,,,Unknown,"Mixed or unknown",Unknown,"Near Gennadi Beach, on the southeast coast of Rhodes, Greece","Aegean Boat Report & media via Nuovi Desaparecidos","36.01586864, 27.92499327","Eastern Mediterranean",https://perma.cc/5FUE-ZK4K,Uncategorized,4
2026.MMP0081,2026.MMP008185,Mediterranean,"Sun, 02/08/2026 - 12:00",2026,February,1,0,,,,,Unknown,Drowning,Unknown,"Remains discovered at Scalea, Cosenza, Calabria, Italy","L'Unione Sarda, QdS.it, Avvenire, Wanted in Rome, media via Nuovi Desaparecidos","39.81039334, 15.7869053","Central Mediterranean","https://perma.cc/5RV3-JQRM, https://perma.cc/4GMC-DTAQ, https://perma.cc/YWJ5-8JNV, https://perma.cc/R2UL-T2XL, https://perma.cc/5FUE-ZK4K",Uncategorized,3
2026.MMP0081,2026.MMP008186,Mediterranean,"Thu, 02/12/2026 - 12:00",2026,February,1,0,,,,,Unknown,Drowning,Unknown,"Remains discovered at Amantea, Cosenza, Calabria, Italy","L'Unione Sarda, QdS.it, Avvenire, Wanted in Rome, media via Nuovi Desaparecidos","39.12555045, 16.07106512","Central Mediterranean","https://perma.cc/5RV3-JQRM, https://perma.cc/4GMC-DTAQ, https://perma.cc/YWJ5-8JNV, https://perma.cc/R2UL-T2XL, https://perma.cc/5FUE-ZK4K",Uncategorized,3
2026.MMP0081,2026.MMP008187,Mediterranean,"Tue, 02/17/2026 - 12:00",2026,February,1,0,,,,,Unknown,Drowning,Unknown,"Remains discovered at Paola, Cosenza, Calabria, Italy","L'Unione Sarda, QdS.it, Avvenire, Wanted in Rome, media via Nuovi Desaparecidos","39.36381421, 16.02847729","Central Mediterranean","https://perma.cc/5RV3-JQRM, https://perma.cc/4GMC-DTAQ, https://perma.cc/YWJ5-8JNV, https://perma.cc/R2UL-T2XL, https://perma.cc/5FUE-ZK4K",Uncategorized,3
2026.MMP0081,2026.MMP008188,Mediterranean,"Tue, 02/17/2026 - 12:00",2026,February,1,0,,1,,,Unknown,Drowning,Unknown,"Remains discovered at Le Roccette beach, Tropea, Vibo Valentia, Calabria, Italy","L'Unione Sarda, QdS.it, Avvenire, Wanted in Rome, media via Nuovi Desaparecidos","38.68118174, 15.89919692","Central Mediterranean","https://perma.cc/5RV3-JQRM, https://perma.cc/4GMC-DTAQ, https://perma.cc/YWJ5-8JNV, https://perma.cc/R2UL-T2XL, https://perma.cc/5FUE-ZK4K",Uncategorized,3
2026.MMP0082,2026.MMP0082,Mediterranean,"Thu, 02/12/2026 - 12:00",2026,February,2,0,,,,,Unknown,Drowning,Unknown,"Remains discovered 22 miles northwest of Pantelleria, Trapani, Sicily, Italy","QdS.it, Avvenire, Wanted in Rome, media via Nuovi Desaparecidos","36.69059124, 11.58032555","Central Mediterranean","https://perma.cc/4GMC-DTAQ, https://perma.cc/YWJ5-8JNV, https://perma.cc/R2UL-T2XL, https://perma.cc/5FUE-ZK4K",Uncategorized,3
2026.MMP0083,2026.MMP0083,Mediterranean,"Mon, 02/16/2026 - 12:00",2026,February,3,0,,,,,Unknown,Drowning,Unknown,"Remains discvovered in unspecified locations in the coast of Pantelleria, Trapani, Sicily, Italy","QdS.it, Avvenire, Wanted in Rome, media via Nuovi Desaparecidos","36.83767499, 11.93075476","Central Mediterranean","https://perma.cc/4GMC-DTAQ, https://perma.cc/YWJ5-8JNV, https://perma.cc/R2UL-T2XL, https://perma.cc/5FUE-ZK4K",Uncategorized,3
2026.MMP0084,2026.MMP0084,Mediterranean,"Tue, 02/17/2026 - 12:00",2026,February,2,0,,,,,Unknown,Drowning,Unknown,"Remains discovered in the coast of Marsala, Trapani, Sicily, Italy","QdS.it, Avvenire, Wanted in Rome, media via Nuovi Desaparecidos","37.79685816, 12.38286751","Central Mediterranean","https://perma.cc/4GMC-DTAQ, https://perma.cc/YWJ5-8JNV, https://perma.cc/R2UL-T2XL, https://perma.cc/5FUE-ZK4K",Uncategorized,3
2026.MMP0085,2026.MMP0085,Mediterranean,"Tue, 02/17/2026 - 12:00",2026,February,2,0,,,,,Unknown,Drowning,Unknown,"Remains spotted in unspecified locations near the port of Trapani, Sicily, Italy","QdS.it, Avvenire, Wanted in Rome, media via Nuovi Desaparecidos","37.80776283, 12.15598626","Central Mediterranean","https://perma.cc/4GMC-DTAQ, https://perma.cc/YWJ5-8JNV, https://perma.cc/R2UL-T2XL, https://perma.cc/5FUE-ZK4K",Uncategorized,3
2026.MMP0086,2026.MMP0086,Mediterranean,"Tue, 02/17/2026 - 12:00",2026,February,1,0,,,,,Unknown,Drowning,Unknown,"Remains discovered near Frassino, off the coast of Custonaci, Trapani, Sicily, Italy","QdS.it, Avvenire, Wanted in Rome, media via Nuovi Desaparecidos","38.1342924, 12.68620186","Central Mediterranean","https://perma.cc/4GMC-DTAQ, https://perma.cc/YWJ5-8JNV, https://perma.cc/R2UL-T2XL, https://perma.cc/5FUE-ZK4K",Uncategorized,3
2026.MMP0087,2026.MMP0087,Mediterranean,"Wed, 02/18/2026 - 12:00",2026,February,1,0,,,,,Unknown,Drowning,Unknown,"Remains discovered on Torrazza beach, Petrosino, Trapani, Sicily, Italy","QdS.it, Avvenire, Wanted in Rome, media via Nuovi Desaparecidos","37.68982233, 12.4923956","Central Mediterranean","https://perma.cc/4GMC-DTAQ, https://perma.cc/YWJ5-8JNV, https://perma.cc/R2UL-T2XL, https://perma.cc/5FUE-ZK4K",Uncategorized,3
2026.MMP0088,2026.MMP0088,"Central America","Mon, 02/16/2026 - 12:00",2026,February,1,0,,,1,,"Latin America / Caribbean (P)",Drowning,Unknown,"Rio Bravo close to Guardados de Arriba Neighborhood, Miguel Aleman, Tamaulipas, Mexico","El Mañana Tamaulipas","26.37907957, -98.95682297","US-Mexico border crossing",https://perma.cc/8AW2-YYDB,"Central America",1
2026.MMP0090,2026.MMP0090,"Southern Asia","Mon, 02/16/2026 - 12:00",2026,February,4,0,21,,,,"Southern Asia","Vehicle accident / death linked to hazardous transport",Afghanistan,"Around 5 kilometers from Kalporagan, on Saravan-Kalporagan road, Sistan and Baluchestan province, Iran","KabulNow, Khaama Press, Balochistan Human Rights Documentation","27.2619088, 62.497499","Afghanistan to Iran","https://perma.cc/7BEU-927M, https://perma.cc/M4N9-UBRL, https://perma.cc/6KXY-9SG9","Southern Asia",3
2026.MMP0091,2026.MMP009197,Mediterranean,"Sat, 02/21/2026 - 12:00",2026,February,1,0,20,1,,,"Northern Africa",Drowning,Sudan,"During SAR 15 nm south of Kala Limenas, Crete, Greece - Presumed Libya-Crete crossing","Hellenic Coast Guard, Ekathimerini","34.68229543, 24.79484867","Eastern Mediterranean","https://perma.cc/9ENR-2V4E, https://perma.cc/6NNS-J8M7",Uncategorized,5
2026.MMP0091,2026.MMP009198,Mediterranean,"Sat, 02/21/2026 - 12:00",2026,February,,8,,,,,"Northern Africa (P)",Drowning,Unknown,"During SAR 15 nm south of Kala Limenas, Crete, Greece - Presumed Libya-Crete crossing","Hellenic Coast Guard, IOM Greece, Ekathimerini","34.68229543, 24.79484867","Eastern Mediterranean","https://perma.cc/9ENR-2V4E, https://perma.cc/6NNS-J8M7",Uncategorized,5
2026.MMP0091,2026.MMP009199,Mediterranean,"Sat, 02/21/2026 - 12:00",2026,February,3,18,,,3,,"Northern Africa",Drowning,Egypt,"During SAR 15 nm south of Kala Limenas, Crete, Greece - Presumed Libya-Crete crossing","Agence  France Presse, Al Masry Al Youm","34.68229543, 24.79484867","Eastern Mediterranean","https://perma.cc/7C6S-MAA2, https://perma.cc/PV24-2N2Q",Uncategorized,3
2026.MMP0093,2026.MMP0093,Mediterranean,"Fri, 02/20/2026 - 12:00",2026,February,1,0,,,1,,Unknown,Drowning,Unknown,"Remains found on beach near Puntorio, Pachino, Sicily, Italy",Nuovosud,"36.67002426, 15.05225328","Central Mediterranean",https://perma.cc/GRS8-L4VT,Uncategorized,1
2026.MMP0094,2026.MMP0094,Mediterranean,"Wed, 02/18/2026 - 12:00",2026,February,1,0,,,,,Unknown,"Mixed or unknown",Unknown,"Remains discovered near Al-Zawiya, Libya","Libyan Red Crescent via IOM Libya","32.79239386, 12.70190758","Central Mediterranean",,Uncategorized,4
2026.MMP0095,2026.MMP0095,Mediterranean,"Sat, 02/21/2026 - 12:00",2026,February,7,0,,2,,3,"Sub-Saharan Africa","Mixed or unknown",Unknown,"Bodies washed ashore off the coasts of Qasr Al-Akhyar, 73 kilometers east of Tripoli, Libya","Libyan Police Qasar Alakhyar via IOM Libya, Sky News, WHBL, Arab News","32.81799544, 13.86652073","Central Mediterranean","https://perma.cc/57AP-VS3K, https://perma.cc/G827-YRTP, https://perma.cc/K545-LRZ5",Uncategorized,4
2026.MMP0096,2026.MMP0096,"Central America","Wed, 02/18/2026 - 12:00",2026,February,,8,,,8,,Caribbean,Drowning,Cuba,"Off the coast of Banco Chinchorro (Chinchorro Bank), Quintana Roo, Mexico","Cibercuba,NotiCaribe, Quinta Fuerza","18.58953255, -87.31624943","Caribbean to Central America","https://perma.cc/6U82-P7CF, https://perma.cc/R8TJ-7JCT, https://perma.cc/8XRQ-ESXV","Central America",3
2026.MMP0097,2026.MMP0097,"Central America","Tue, 02/24/2026 - 12:00",2026,February,1,0,,,1,,"Central America",Drowning,Honduras,"Rio Bravo close to Dr Coss Street, close to International Bridge Two, Piedras Negras, Coahuila, Mexico","Zócalo,Super Chanel 12, La Rancherita del Aire","28.69931827, -100.5112964","US-Mexico border crossing","https://perma.cc/U9T4-NWHK, https://perma.cc/P2KZ-T4V2, https://archive.ph/qObdu","Central America",3
2026.MMP0098,2026.MMP0098105,Mediterranean,"Fri, 02/27/2026 - 12:00",2026,February,1,13,3,7,6,1,"Eastern Africa",Drowning,Somalia,"Unspecified location off the coasts of Tajoura, Libya","IOM Libya","32.89176209, 13.46212118","Central Mediterranean",,Uncategorized,4
2026.MMP0098,2026.MMP0098106,Mediterranean,"Fri, 02/27/2026 - 12:00",2026,February,,2,,1,1,,"Northern Africa",Drowning,Egypt,"Unspecified location off the coasts of Tajoura, Libya","IOM Libya","32.89176209, 13.46212118","Central Mediterranean",,Uncategorized,4
2026.MMP0098,2026.MMP0098107,Mediterranean,"Fri, 02/27/2026 - 12:00",2026,February,,1,,,1,,"Northern Africa",Drowning,Sudan,"Unspecified location off the coasts of Tajoura, Libya","IOM Libya","32.89176209, 13.46212118","Central Mediterranean",,Uncategorized,4
2026.MMP0098,2026.MMP0098108,Mediterranean,"Fri, 02/27/2026 - 12:00",2026,February,,5,,2,3,,"Eastern Africa",Drowning,Eritrea,"Unspecified location off the coasts of Tajoura, Libya","IOM Libya","32.89176209, 13.46212118","Central Mediterranean",,Uncategorized,4
2026.MMP0098,2026.MMP0098109,Mediterranean,"Fri, 02/27/2026 - 12:00",2026,February,,11,,,,,Unknown,Drowning,Unknown,"Unspecified location off the coasts of Tajoura, Libya","IOM Libya","32.89176209, 13.46212118","Central Mediterranean",,Uncategorized,4
2026.MMP0099,2026.MMP0099,"Northern Africa","Thu, 02/26/2026 - 12:00",2026,February,4,0,,,,,"Sub-Saharan Africa","Harsh environmental conditions / lack of adequate shelter, food, water",Unknown,"Bodies found in Ras Al-Asfour zone, Jerada province near the eastern Morocco Algeria border",HessPress,"34.51873663, -1.843563619",,https://perma.cc/85YR-UJZB,"Northern Africa",1
2026.MMP0100,2026.MMP0100,Mediterranean,"Thu, 02/26/2026 - 12:00",2026,February,1,0,,,1,,"Sub-Saharan Africa (P)",Drowning,Unknown,"Body washed ashore off the coasts of Al-Ghonyema, east of Tripoli, Libya","Libyan Red Crescent via InfoMigrants, IOM Libya","32.72550463, 14.06217279","Central Mediterranean",https://perma.cc/LM3B-8TPH,Uncategorized,3
2026.MMP0101,2026.MMP0101,Mediterranean,"Tue, 02/24/2026 - 12:00",2026,February,1,0,,,,,"Sub-Saharan Africa (P)",Drowning,Unknown,"Remains washed ashore at Ad Dafiniyah, Libya","Libyan Red Crescent via Al-Wasat","32.43851219, 14.83841684","Central Mediterranean",https://perma.cc/RF4L-LNM8,Uncategorized,1
2026.MMP0102,2026.MMP0102,Mediterranean,"Sat, 02/28/2026 - 12:00",2026,February,18,,17,,,,Unknown,Drowning,Mixed,"Approximately 110 km north of Ras Al-Tin, west of Tobruk, Libya - stranded at sea for 3 days - Presumed Libya-Crete crossing","IOM Libya, Libyan Red Crescent, Libya Observer, InfoMigrants","32.11649205, 23.95842253","Eastern Mediterranean","https://perma.cc/WL8S-VZH7, https://perma.cc/2LFA-CEHQ",Uncategorized,4
2026.MMP0103,2026.MMP0103,Mediterranean,"Sun, 03/01/2026 - 12:00",2026,March,1,0,,,1,,Unknown,Drowning,Unknown,"Remains washed ashore between Cala en Baster and Carnatge, Formentera, Balearic Islands, Spain","La voz de Ibiza, Diario de Ibiza CIPIMD via Nuovi Desaparecidos","38.70134057, 1.480289919","Western Mediterranean","https://perma.cc/XU6H-CWBK, https://perma.cc/2QLN-PAU9",Uncategorized,4
2026.MMP0104,2026.MMP0104,Mediterranean,"Mon, 03/02/2026 - 12:00",2026,March,1,0,,,1,,Unknown,Drowning,Unknown,"Remains washed ashore off s'Espalmador, Formentera, Balearic Islands, Spain","La voz de Ibiza, Diario de Ibiza, CIPIMD via Nuovi Desaparecidos","38.79246984, 1.42963607","Western Mediterranean","https://perma.cc/VHB3-63QF, https://perma.cc/5UTH-7QLQ, https://perma.cc/A224-639Z",Uncategorized,4
2026.MMP0105,2026.MMP0105,Mediterranean,"Mon, 03/02/2026 - 12:00",2026,March,1,0,,,1,,"Northern Africa (P)",Drowning,Unknown,"Remains washed ashore at Playa Hipica, Melilla, Spain","El debate, El Faro de Melilla","35.27471006, -2.930134726","Western Mediterranean","https://archive.ph/dDrcU, https://perma.cc/WS3B-6B4S",Uncategorized,3
2026.MMP0106,2026.MMP0106,"Southern Asia","Mon, 02/23/2026 - 12:00",2026,February,2,0,,2,,,"Southern Asia",Violence,Afghanistan,"Unspecified location of a checkpoint near the Iranian border in Parome, Panjgur district, Balochistan, Pakistan","Hasht-e Subh Daily (8AM. Media), Dawn, Khaama Press, Arian News, Kabul Tribune","26.8172048, 63.23974386","Afghanistan to Iran","https://perma.cc/C2MY-NBJR, https://perma.cc/2939-DH9T, https://perma.cc/FR8B-N4F7, https://perma.cc/LW4P-L322, https://perma.cc/694A-X73Q","Southern Asia",3
2026.MMP0107,2026.MMP0107,"South-eastern Asia","Wed, 02/18/2026 - 12:00",2026,February,3,0,,1,1,1,"South-eastern Asia",Drowning,Myanmar,"An unspecified location in the Naf River, near Teknaf on the Bangladeshi side","UNHCR, The Arakan Project, Rohingya Rights Watch, TeknafToday","20.88573888, 92.308238","Naf River crossing","https://perma.cc/95UT-DY7U, https://perma.cc/3C4E-8ZPM",Uncategorized,4
2026.MMP0108,2026.MMP0108,"Southern Asia","Wed, 02/25/2026 - 12:00",2026,February,2,0,,,,,"Southern Asia",Violence,Afghanistan,"An unspecified location on road towards Dehak in Saravan, Sistan and Baluchestan province, Iran",Haalvsh,"27.13915215, 62.655277","Afghanistan to Iran","https://perma.cc/9B74-NCQS, https://perma.cc/H7YR-9ZEK, https://perma.cc/XL46-W4ZH, https://perma.cc/FY2C-6T3W","Southern Asia",1
2026.MMP0109,2026.MMP0109,"Central America","Tue, 02/24/2026 - 12:00",2026,February,2,0,,,,2,Caribbean,Drowning,Haiti,"Casa Pato Transit Shelter (Albergue de Tránsito ""Casa Pato""), San Raymundo Jalpan, Oaxaca, Mexico","IOM Mexico, El Universal, El Mañana, El Tiempo","16.97049124, -96.7565466",,"https://perma.cc/7ASJ-LXDH?type=image, https://perma.cc/U4LX-ZKMJ, https://perma.cc/7XHZ-UWUY, https://perma.cc/D2J6-VJ62, https://perma.cc/MWA9-MEFA","Central America",4
2026.MMP0110,2026.MMP0110,"Central America","Sat, 02/28/2026 - 12:00",2026,February,1,0,,,1,,"Central America",Violence,Mexico,"Undetermined location in Soledad de Doblado Municipality, Veraruz, Mexico",Notiver,"19.04607894, -96.42294524",,https://perma.cc/NP8G-A3QA,"Central America",1
2026.MMP0111,2026.MMP0111,"Western Africa","Thu, 03/05/2026 - 12:00",2026,March,1,4,139,,,1,"Western Africa (P)","Mixed or unknown",Unknown,"Off the coast of Saint-Louis, Senegal - departure from the Gambia 11 days earlier","Senegalese Army/DIRPA, National Police of Senegal, Sene.News","16.05654912, -19.25397954","Western Africa / Atlantic route to the Canary Islands","https://perma.cc/F75V-X9FD, https://perma.cc/DAJ9-CJXU, https://perma.cc/B6QR-7LRJ, https://perma.cc/B6QR-7LRJ, https://perma.cc/6TMQ-FQS8",Uncategorized,5
2026.MMP0112,2026.MMP0112,Mediterranean,"Mon, 03/09/2026 - 12:00",2026,March,14,0,21,,,,"Southern Asia",Drowning,Afghanistan,"Off the coast of Finike, Antalya, Türkiye","Turkish Coast Guard, Associated Press","36.03977668, 30.18537335","Eastern Mediterranean","https://perma.cc/4LSJ-WLES, https://perma.cc/HX8E-RCA4",Uncategorized,5
2026.MMP0113,2026.MMP0113,Mediterranean,"Mon, 03/02/2026 - 12:00",2026,March,1,0,,,,,Unknown,Drowning,Unknown,"Remains washed ashore at Al Khums, Libya","IOM Libya","32.65377643, 14.26668421","Central Mediterranean",,Uncategorized,4
2026.MMP0114,2026.MMP0114,Mediterranean,"Mon, 03/02/2026 - 12:00",2026,March,1,0,,,,,Unknown,Drowning,Unknown,"Remains washed ashore at Ghanima, near Khums, Libya","IOM Libya","32.72518358, 14.04831995","Central Mediterranean",,Uncategorized,4
2026.MMP0115,2026.MMP0115,Mediterranean,"Tue, 03/03/2026 - 12:00",2026,March,2,0,,,,,Unknown,Drowning,Unknown,"Remains washed ashore at Garabulli, Libya","IOM Libya","32.79156007, 13.71830956","Central Mediterranean",,Uncategorized,4
2026.MMP0116,2026.MMP0116,Mediterranean,"Sat, 03/07/2026 - 12:00",2026,March,1,0,,,,,Unknown,Drowning,Unknown,"Remains washed ashore at Mitiga beach near Tripoli, Libya","Libyan Red Crescent","32.91227869, 13.31106515","Central Mediterranean",https://perma.cc/W72V-JVYS,Uncategorized,4
2026.MMP0117,2026.MMP0117,Mediterranean,"Sun, 03/08/2026 - 12:00",2026,March,1,0,,,1,,"Northern Africa",Drowning,Morocco,"Remains recovered near the Muelle de España (port), Ceuta, Spain","L'Economiste, EFE via InfoBae","35.89235534, -5.316523317","Western Mediterranean","https://perma.cc/89MK-YKBU, https://perma.cc/STX5-22BR",Uncategorized,3
2026.MMP0118,2026.MMP0118,Europe,"Mon, 03/09/2026 - 12:00",2026,March,1,0,,,1,,"Sub-Saharan Africa","Mixed or unknown",Unknown,"Remains found in in a canal next to the Loon-Plage camp, near Dunkirk, France","La Voix Du Nord, InfoMigrants, Delta FM","51.0255333, 2.203163701","Mainland Europe to the UK","https://perma.cc/54C9-QTQ2, https://perma.cc/6WZU-YDUC, https://perma.cc/6KE3-AZX2","Western Europe",3
2026.MMP0119,2026.MMP0119,"Northern Africa","Wed, 03/11/2026 - 12:00",2026,March,2,0,40,,,,"Northern Africa","Mixed or unknown",Sudan,"370 KM South of Kufra, Libya","The Libyan Directorate for Combating Illegal Migration (DCIM), SudanAkhbar","20.88354435, 23.30093778","Sahara Desert crossing","https://perma.cc/6LF7-LLP3, https://perma.cc/T3YW-FNZU","Northern Africa",5
2026.MMP0120,2026.MMP0120,Europe,"Mon, 02/23/2026 - 12:00",2026,February,1,2,3,,,,"Eastern Asia",Drowning,China,"An unspecified location in the Una River, near Hrvatska Kostajnica and Rosulje, Croatia, crossing from Bosnia and Herzegovina","Večernji list, Index HR, PTC, InfoMigrants","45.22343594, 16.56476","Western Balkans","https://perma.cc/44SF-KUKQ, https://perma.cc/BQ59-4XTH, https://perma.cc/WGW9-69PU, https://perma.cc/6RNW-UJMN","Southern Europe",3
2026.MMP0121,2026.MMP0121,"Western Asia","Wed, 03/11/2026 - 12:00",2026,March,8,0,232,5,3,,"Eastern Africa",Drowning,Mixed,"Unspecified location near the Al-Ain coastal area in Rudum District, southern Shabwa Governorate, Yemen","Humanitarian Partners","14.030305, 47.9614831","Eastern Route to/from EHOA",https://perma.cc/MW8F-QYSB,Uncategorized,4
2026.MMP0122,2026.MMP0122141,"Northern Africa","Wed, 03/11/2026 - 12:00",2026,March,3,0,,,,,"Sub-Saharan Africa (P)","Harsh environmental conditions / lack of adequate shelter, food, water",Unknown,"Unspecified location near Aïn Chaïr, Morocco - close to border with Algeria","Association Marocaine d'Aide aux Migrants en Situation Vulnérables, Beitrag","32.20618361, -2.526638364","Sahara Desert crossing",https://perma.cc/2KKP-MZQ7,"Northern Africa",4
2026.MMP0122,2026.MMP0122142,"Northern Africa","Wed, 03/11/2026 - 12:00",2026,March,1,0,,,,,"Sub-Saharan Africa (P)","Harsh environmental conditions / lack of adequate shelter, food, water",Unknown,"Along the national road between Figuig and Bouarfa, Morocco - close to border with Algeria","Association Marocaine d'Aide aux Migrants en Situation Vulnérables, Beitrag","32.11320635, -1.228756358","Sahara Desert crossing",https://perma.cc/2KKP-MZQ7,"Northern Africa",4
2026.MMP0123,2026.MMP0123,Mediterranean,"Sat, 03/14/2026 - 12:00",2026,March,1,0,2,,,,"Northern Africa",Drowning,Morocco,"Remains washed ashore near the Piedra del Pineo, Ceuta, Spain","HessPress, El Faro de Ceuta, El Pueblo de Ceuta","35.87257684, -5.340563439","Western Mediterranean","https://perma.cc/Z9MH-PXYM, https://perma.cc/94MC-3SSQ, https://perma.cc/B57K-BD4C",Uncategorized,3
2026.MMP0124,2026.MMP0124,Mediterranean,"Sun, 03/15/2026 - 12:00",2026,March,,1,64,,,1,"Western Africa",Drowning,"Sierra Leone","Off the coast of Lampedusa, Italy","Ansa, InfoMigrants, Sea-Watch","35.75308496, 12.56073947","Central Mediterranean","https://perma.cc/VK93-N6K3, https://perma.cc/ATJ9-LGZ6, https://perma.cc/M9QS-CEH3",Uncategorized,3
2026.MMP0125,2026.MMP0125,Mediterranean,"Sun, 03/15/2026 - 12:00",2026,March,6,,17,,6,,"Northern Africa (P)",Drowning,Unknown,"Unspecified location near Cambriles beach, Gualchos-Castell de Ferro municipality, Granada, Spain","Cope, RTVE Andalucía, Hespress","36.73032118, -3.349692193","Western Mediterranean","https://perma.cc/M8S6-TACY, https://perma.cc/KP8X-NCQT, https://perma.cc/4SZ4-P253",Uncategorized,3
2026.MMP0126,2026.MMP0126,Mediterranean,"Sun, 03/15/2026 - 12:00",2026,March,1,0,,1,,,"Sub-Saharan Africa (P)","Mixed or unknown",Unknown,"Remains washed ashore at Ain Zara, Tripoli, Libya","Akhbar Libya, Nabd","32.82010716, 1.326665995","Central Mediterranean","https://perma.cc/935B-RS4W, https://perma.cc/6WJH-DNDP",Uncategorized,3
2026.MMP0127,2026.MMP0127,Mediterranean,"Tue, 03/10/2026 - 12:00",2026,March,2,0,,,,,Unknown,Drowning,Unknown,"Bodies recovered off the coasts of Ras Altin, Derna, Libya","Al-wasat, Ain Libya","32.80750817, 22.63976947","Eastern Mediterranean","https://perma.cc/GZ7E-E8SS, https://perma.cc/G628-E966",Uncategorized,3
2026.MMP0128,2026.MMP0128,Mediterranean,"Sun, 03/15/2026 - 12:00",2026,March,,17,45,,,,"Sub-Saharan Africa (P)","Mixed or unknown",Unknown,"East of Tripoli, Libya - last known coordinates: 33.409006, 13.871785","Alarm Phone","33.409006, 13.871785","Central Mediterranean","https://perma.cc/5RZL-MAXX, https://perma.cc/Q9VB-GXRW, https://perma.cc/UM8X-SVWA",Uncategorized,4
2026.MMP0129,2026.MMP0129,Mediterranean,"Sat, 03/14/2026 - 12:00",2026,March,32,13,,,,,Unknown,Drowning,Unknown,"Off Abu Basla beach, around 7km west of Zuwara, Libya","IOM Libya","32.98162722, 12.02537361","Central Mediterranean",,Uncategorized,4
2026.MMP0130,2026.MMP0130154,"Eastern Africa","Wed, 03/18/2026 - 12:00",2026,March,8,3,30,8,7,3,"Middle Africa",Drowning,"Democratic Republic of the Congo","Near the beach of Mitsamiouli, in the north of Grande Comore island, Comoros","IOM Comoros, AFP & Reuters via DW","-11.37248419, 43.28301725","Sea crossings to Mayotte","https://perma.cc/5B62-VKB5, https://perma.cc/93XJ-GHWY",Uncategorized,4
2026.MMP0130,2026.MMP0130155,"Eastern Africa","Thu, 03/19/2026 - 12:00",2026,March,10,0,,,,,"Middle Africa",Drowning,"Democratic Republic of the Congo","Near the beach of Mitsamiouli, in the north of Grande Comore island, Comoros","IOM Comoros, AFP & Reuters via DW","-11.37248419, 43.28301725","Sea crossings to Mayotte","https://perma.cc/5B62-VKB5, https://perma.cc/93XJ-GHWY",Uncategorized,4
2026.MMP0131,2026.MMP0131,Mediterranean,"Thu, 03/19/2026 - 12:00",2026,March,1,0,,,1,,Unknown,Drowning,Unknown,"Remains washed ashore at Cala Llonga, Ibiza, Balearic Islands, Spain","Cadena SER, La voz de Ibiza","38.95289595, 1.52195747","Western Mediterranean","https://perma.cc/7P49-XKNC, https://perma.cc/GV68-UTSU",Uncategorized,3
2026.MMP0132,2026.MMP0132,Mediterranean,"Sat, 03/21/2026 - 12:00",2026,March,1,0,,,,,"Northern Africa",Drowning,Morocco,"Remains washed ashore at Juan XXIII, Ceuta, Spain","El faro de Ceuta, Al Jareeda","35.87839528, -5.328108461","Western Mediterranean","https://perma.cc/L35U-9RG4, https://perma.cc/8ETM-LAF5",Uncategorized,3
2026.MMP0133,2026.MMP0133,Mediterranean,"Wed, 03/04/2026 - 12:00",2026,March,,9,20,,,,Unknown,Drowning,Unknown,"Unspecified location off Algiers, Algeria - departure one week before","Alarm Phone","36.91859, 3.053116","Western Mediterranean","https://perma.cc/CZ8W-QR5H, https://perma.cc/BS6D-ZH5T",Uncategorized,4
2026.MMP0134,2026.MMP0134,Mediterranean,"Thu, 03/12/2026 - 12:00",2026,March,33,0,,,,,"Sub-Saharan Africa (P)",Drowning,Unknown,"Unspecified location off the coast of Algiers, Algeria","Heroes del Mar","36.87599281, 3.137302112","Western Mediterranean",https://perma.cc/2GS3-M2BD,Uncategorized,4
2026.MMP0135,2026.MMP0135,"Northern Africa","Tue, 03/24/2026 - 12:00",2026,March,,12,8,,,,"Northern Africa (P)",Drowning,Unknown,"Off the coast of Tan, Tan, Morocco","Nouvi Desaparecidos","28.48950875, -11.5041027","Western Africa / Atlantic route to the Canary Islands",https://perma.cc/YZD9-KWW2,"Northern Africa",4
2026.MMP0136,2026.MMP0136,Mediterranean,"Mon, 03/23/2026 - 12:00",2026,March,1,0,,,1,,Unknown,Drowning,Unknown,"Remains washed ashore at Al-Harsha, Zawiya, Libya","Libyan Red Crescent via IOM Libya, Migrant Rescue Watch","32.79104973, 12.65741643","Central Mediterranean",https://perma.cc/98GJ-PN3J,Uncategorized,4
2026.MMP0137,2026.MMP0137,Mediterranean,"Wed, 03/25/2026 - 12:00",2026,March,1,0,,1,,1,Unknown,Drowning,Unknown,"Remains washed ashore at Al-Zarruq, Mistara, Libya","Libyan Red Crescent via IOM Libya, Migrant Rescue Watch","32.40012769, 15.13395786","Central Mediterranean",https://perma.cc/9GU9-AZ5X,Uncategorized,4
2026.MMP0138,2026.MMP0138163,Mediterranean,"Sun, 03/15/2026 - 12:00",2026,March,1,0,116,,1,,"Northern Africa",Drowning,Sudan,"Unspecified location between Zuwara, Libya and the Miskar gas platform in the Gulf of Gabes - departure from Zuwara on 14 March","SOS Mediterranee","34.35, 11.866667","Central Mediterranean",,Uncategorized,4
2026.MMP0138,2026.MMP0138164,Mediterranean,"Sun, 03/15/2026 - 12:00",2026,March,1,0,,,1,,"Western Africa",Drowning,Nigeria,"Unspecified location between Zuwara, Libya and the Miskar gas platform in the Gulf of Gabes - departure from Zuwara on 14 March","SOS Mediterranee","34.35, 11.866667","Central Mediterranean",,Uncategorized,4
2026.MMP0139,2026.MMP0139,Mediterranean,"Mon, 03/16/2026 - 12:00",2026,March,,2,62,,,,Unknown,Drowning,Unknown,"Unspecified location off the coast of Libya - returned on 16 March to Alshaab Port","IOM Libya","32.98140913, 13.17416739","Central Mediterranean",,Uncategorized,4
2026.MMP0140,2026.MMP0140,Mediterranean,"Fri, 03/20/2026 - 12:00",2026,March,3,0,89,,,,Unknown,Drowning,Unknown,"Unspecified location off the coast of Libya - returned on 16 March to Alshaab Port","IOM Libya","32.98140913, 13.17416739","Central Mediterranean",,Uncategorized,4
2026.MMP0141,2026.MMP0141,"Central America","Thu, 03/19/2026 - 12:00",2026,March,1,2,5,,1,,"Central America","Vehicle accident / death linked to hazardous transport",Honduras,"Railroad tracks close to Universidad Tecnologica del Norte, Rincon de Romos, Aguascalientes, Mexico","Zócalo, Publimetro, Infobae, Codigo San Luis","22.22479092, -102.2779094",,"https://perma.cc/F46Q-NNNA, https://perma.cc/WW8W-ZZWQ, https://perma.cc/Z7FS-WWMF, https://perma.cc/W4LW-ZZRZ","Central America",3
2026.MMP0142,2026.MMP0142,"Eastern Africa","Tue, 03/24/2026 - 12:00",2026,March,9,45,266,3,6,,"Eastern Africa",Drowning,Ethiopia,"Off the coast north of Obock, Djibouti - EHOA-Yemen crossing","IOM Djibouti","12.05252251, 43.46124564","Eastern Route to/from EHOA","https://perma.cc/Z5HL-5B63, https://perma.cc/9LEV-WVEJ",Uncategorized,4
2026.MMP0143,2026.MMP0143,Mediterranean,"Thu, 03/26/2026 - 12:00",2026,March,,22,26,,,,Unknown,"Harsh environmental conditions / lack of adequate shelter, food, water",Unknown,"52 nautical miles South of Lerapetra, Crete, Greece - departure from Tobruk on 21 Mar (Libya-Crete crossing)","Hellenic Coast Guard","34.14506425, 25.75326146","Eastern Mediterranean",https://perma.cc/H4V7-73K4,Uncategorized,5
2026.MMP0145,2026.MMP0145,Mediterranean,"Sat, 03/28/2026 - 12:00",2026,March,1,0,,,1,,"Northern Africa",Drowning,Sudan,"Remains washed ashore at Garabulli, Libya","Libyan Red Crescent via IOM Libya","32.79270527, 13.7469247","Central Mediterranean",,Uncategorized,4
2026.MMP0146,2026.MMP0146,"Eastern Africa","Sat, 03/28/2026 - 12:00",2026,March,2,0,19,1,,1,"Eastern Africa","Mixed or unknown",Comoros,"Unspecified location off Mtsamboro, Mayotte","Mayotte 1ère via InfoMigrants, L'info Kwezi","-12.64438928, 44.93169073","Sea crossings to Mayotte","https://perma.cc/H4GY-YZN4, https://perma.cc/JKB6-4GHW, https://perma.cc/BT9Q-L3JC",Uncategorized,3
2026.MMP0147,2026.MMP0147,Mediterranean,"Sun, 03/29/2026 - 12:00",2026,March,19,21,16,,,,"Sub-Saharan Africa",Drowning,Unknown,"Approx. 11 miles off the Port of Sfax, Sfax, Tunisia","Alarm Phone, InfoMigrants","34.62073986, 10.92081715","Central Mediterranean","https://perma.cc/Z6UC-EU32, https://perma.cc/D5XT-DLAX, https://perma.cc/8PC7-3M9E",Uncategorized,4
2026.MMP0148,2026.MMP0148,Mediterranean,"Tue, 03/31/2026 - 12:00",2026,March,19,0,58,,,,Unknown,"Harsh environmental conditions / lack of adequate shelter, food, water",Unknown,"Approx. 80 nautical miles off Lampedusa, Italy - departure from Zuwara, Libya on 28-29 Mar","IOM Italy, Alarm Phone, Associated Press","34.21040474, 12.15710991","Central Mediterranean","https://perma.cc/YS7J-JNF6, https://perma.cc/NZJ2-WRFW",Uncategorized,4
2026.MMP0149,2026.MMP0149174,Mediterranean,"Wed, 04/01/2026 - 12:00",2026,April,18,1,21,,,1,"Southern Asia","Mixed or unknown",Afghanistan,"Unspecified location off Bodrum, Muğla, Türkiye","Turkish Coast Guard, BBC Türkiye, Asspciated Press","36.97683573, 27.40177015","Eastern Mediterranean","https://perma.cc/94DS-Z3U2, https://perma.cc/ZT6N-DTRF, https://perma.cc/GX5N-5RDQ",Uncategorized,5
2026.MMP0149,2026.MMP0149175,Mediterranean,"Wed, 04/01/2026 - 12:00",2026,April,1,0,-1,,,,"Southern Asia","Mixed or unknown",Afghanistan,"Died in the hospital in Bodrum, Muğla, Türkiye","Turkish Coast Guard, ekathimerini, BBC Türkiye","37.03491616, 27.40691992","Eastern Mediterranean","https://perma.cc/94DS-Z3U2, https://perma.cc/ZT6N-DTRF, https://perma.cc/GX5N-5RDQ",Uncategorized,5
2026.MMP0150,2026.MMP0150176,Europe,"Wed, 04/01/2026 - 12:00",2026,April,1,0,6,,1,,"Northern Africa","Mixed or unknown",Sudan,"Off the beach of Petit-Fort-Philippe, Gravelines, France - English Channel crossing","Préfecture maritime de la Manche et de la mer du Nord, La Voix du Nord via InfoMigrants, France Bleu","51.02604694, 2.103116102","Mainland Europe to the UK","https://perma.cc/2NTM-ZA5R, https://perma.cc/B356-AQNA, https://perma.cc/CA4P-33F2",Uncategorized,5
2026.MMP0150,2026.MMP0150177,Europe,"Wed, 04/01/2026 - 12:00",2026,April,1,0,,,1,,"Southern Asia","Mixed or unknown",Afghanistan,"Off the beach of Petit-Fort-Philippe, Gravelines, France - English Channel crossing","Préfecture maritime de la Manche et de la mer du Nord, La Voix du Nord via InfoMigrants, France Bleu","51.02604694, 2.103116102","Mainland Europe to the UK","https://perma.cc/2NTM-ZA5R, https://perma.cc/B356-AQNA, https://perma.cc/CA4P-33F2",Uncategorized,5
2026.MMP0151,2026.MMP0151,Mediterranean,"Sat, 04/04/2026 - 12:00",2026,April,9,73,32,1,3,,Unknown,Drowning,Mixed/Unknown,"Approx. 70 nautical miles (130 Kms) off the coast of Tajoura (34.0167, 12.8833), Libya - Departure from Tajoura between Friday, April 3 and Saturday, April 4. Survivors and human remains disembarked in Lampedusa","IOM Italy, Sea Watch, The New York Times","34.0167, 12.8833","Central Mediterranean","https://perma.cc/5CEP-G9XK, https://perma.cc/ZAG5-UWS7, https://perma.cc/AJ94-5ND9",Uncategorized,4
2026.MMP0152,2026.MMP0152,Mediterranean,"Mon, 03/30/2026 - 12:00",2026,March,1,0,,1,,,Unknown,Drowning,Unknown,"Remains washed ashore the coast of Ses Canyes Beach, Formentera, Balearic Islands, Spain","Diario de Ibiza, Infobae","38.7301698, 1.450041419","Western Mediterranean","https://perma.cc/WY4B-B77N, https://perma.cc/44AB-LQXQ",Uncategorized,3
2026.MMP0153,2026.MMP0153,Mediterranean,"Mon, 04/06/2026 - 12:00",2026,April,1,0,,,1,,"Sub-Saharan Africa (P)",Drowning,Unknown,"Remains washed ashore the Coast of Sa Figuera Borda Beach, Saint Joseph de Sa Talaia, Balearic Islands, Spain","La Voz de Ibiza, Diaro de Mallorca","38.95520339, 1.21852603","Western Mediterranean","https://perma.cc/XU4T-PXHW, https://perma.cc/ML6A-LKTP",Uncategorized,3
2026.MMP0154,2026.MMP0154,Mediterranean,"Fri, 04/03/2026 - 12:00",2026,April,1,0,,,1,,Unknown,Drowning,Unknown,"Remains washed ashore the coast of Platja de Can Villar (Can Villar Beach), Sant Pol de Mar, Barcelona, Spain","El Caso Catalunya, La Ciutat","41.59875603, 2.619216287","Western Mediterranean","https://perma.cc/6WU6-6QNL, https://perma.cc/KUD3-EWXM",Uncategorized,3
2026.MMP0155,2026.MMP0155,Mediterranean,"Thu, 04/02/2026 - 12:00",2026,April,1,0,,,1,,"Northern Africa (P)",Drowning,Unknown,"Remains washed ashore the coast of La Bolera Beach (Playa de la Bolera), Ceuta, Spain","Ceuta TV, El Pueblo de Ceuta","35.90078829, -5.298120517","Western Mediterranean","https://perma.cc/77KJ-9VKD, https://perma.cc/8PY4-CQ98",Uncategorized,3
2026.MMP0156,2026.MMP0156,Mediterranean,"Wed, 04/01/2026 - 12:00",2026,April,1,0,,,1,,Unknown,Drowning,Unknown,"Remains washed ashore the coast of Tajoura, Libya","IOM Libya, EMSC","32.8558772, 13.45761704","Central Mediterranean",https://perma.cc/57GJ-XGUS,Uncategorized,4
2026.MMP0157,2026.MMP0157,Mediterranean,"Wed, 04/01/2026 - 12:00",2026,April,1,0,,,1,,Unknown,Drowning,Unknown,"Remains washed ashore near Al-Zawiya, Libya","Libyan Red Crescent via IOM Libya","32.80043629, 12.69405788","Central Mediterranean",,Uncategorized,4
2026.MMP0158,2026.MMP0158,Mediterranean,"Sat, 04/04/2026 - 12:00",2026,April,3,0,,,,,Unknown,Drowning,Unknown,"Remains washed ashore off the coast of Misrata, Libya","IOM Libya, Libyan Red Crescent","32.38518952, 15.21037965","Central Mediterranean",https://perma.cc/9VJA-GLRH,Uncategorized,4
2026.MMP0159,2026.MMP0159,Mediterranean,"Wed, 04/08/2026 - 12:00",2026,April,1,0,,,1,,Unknown,Drowning,Unknown,"Remains washed ashore off the coast of Azdo in Zliten, Libya","IOM Libya","32.4777115, 14.6768876","Central Mediterranean",https://perma.cc/QD2J-EUNJ,Uncategorized,4
2026.MMP0160,2026.MMP0160,Europe,"Thu, 04/09/2026 - 12:00",2026,April,4,0,42,2,2,,Unknown,Drowning,Unknown,"Off the coast of Équihen-Plage, Pas-de-Calais Department, France - English Channel crossing","BBC, France 24, The Guardian","50.67490342, 1.567955987","Mainland Europe to the UK","https://perma.cc/5764-VX75, https://perma.cc/UKR9-H5YV, https://perma.cc/2NXY-XMGP",Uncategorized,3
2026.MMP0161,2026.MMP0161,Mediterranean,"Wed, 04/08/2026 - 12:00",2026,April,1,0,,,1,,Unknown,Drowning,Unknown,"Remains wahsed ashore Al-Matrad beach in Al-Zawiya, Libya","IOM Libya, Libyan Red Crescent","32.79964397, 12.72482034","Central Mediterranean",https://perma.cc/99FS-RZL8,Uncategorized,4
2026.MMP0162,2026.MMP0162,"Central America","Fri, 04/03/2026 - 12:00",2026,April,2,0,,,2,,Caribbean,Drowning,Cuba,"Undeterminded location off the coast of Quintana Roo, Mexico","Nio Reportando un Crimen, Cubita Now, Asere, Periodico Cubano","21.32717671, -86.79924681",,"https://perma.cc/A6FW-D358, https://perma.cc/73V7-5NFB, https://perma.cc/DJN4-KB74",Uncategorized,3
2026.MMP0163,2026.MMP0163,"South America","Sun, 03/22/2026 - 12:00",2026,March,1,0,,,1,,"South America",Violence,"Venezuela (Bolivarian Republic of)","At the intersection of Cardenal José María Caro Av. and Cacique Pillolco Alley, Conchalí, Santiago, Chile","El Regional del Zulia","-33.39106799, -70.6579766",,https://perma.cc/SY4W-JUBA,"South America",1
2026.MMP0167,2026.MMP0167,"Eastern Africa","Sun, 03/01/2026 - 12:00",2026,March,1,0,0,0,1,0,"Eastern Africa","Mixed or unknown",Ethiopia,"Unspecified location in Obock, Djibouti","Local community via IOM Djibouti","11.980409, 43.290047","Eastern Route to/from EHOA",,"Eastern Africa",2
2026.MMP0168,2026.MMP0168,"Eastern Africa","Mon, 03/02/2026 - 12:00",2026,March,1,0,0,1,0,0,"Eastern Africa (P)","Sickness / lack of access to adequate healthcare",Unknown,"Unspecified location in Obock, Djibouti","Hospital team via IOM Djibouti","11.962144, 43.289557","Eastern Route to/from EHOA",,"Eastern Africa",4
2026.MMP0169,2026.MMP0169,"Eastern Africa","Sat, 03/28/2026 - 12:00",2026,March,1,0,0,1,0,0,"Eastern Africa","Sickness / lack of access to adequate healthcare",Ethiopia,"Unspecified location in Tadjourah, Djibouti","Medical centre via IOM Djibouti","11.783905, 42.8835874","Eastern Route to/from EHOA",,"Eastern Africa",4
2026.MMP0170,2026.MMP0170,"Eastern Africa","Wed, 03/11/2026 - 12:00",2026,March,1,0,0,0,1,0,"Eastern Africa",Violence,Ethiopia,"Randa, Tadjourah, Djibouti","Medical centre via IOM Djibouti","11.783905, 42.8835874","Eastern Route to/from EHOA",,"Eastern Africa",4
2026.MMP0171,2026.MMP0171,"Eastern Africa","Thu, 03/26/2026 - 12:00",2026,March,1,0,0,0,1,0,"Eastern Africa",Violence,Ethiopia,"Unspecified location in Tadjourah, Djibouti","Medical centre via IOM Djibouti","11.783905, 42.8835874","Eastern Route to/from EHOA",,"Eastern Africa",4
2026.MMP0174,2026.MMP0174,Europe,"Mon, 04/13/2026 - 12:00",2026,April,,1,,,1,,"Southern Asia",Drowning,Pakistan,"Unspecified location at the Maritsa River between Türkiye and Greece","Family via IOM Türkiye","41.61685572, 26.59379321","Türkiye-Europe land route",,"Western Asia",2
2026.MMP0175,2026.MMP0175,Europe,"Tue, 04/07/2026 - 12:00",2026,April,1,0,5,,1,,Unknown,Violence,Unknown,"Body recovered from boat near Fabriquilla Beach within Cabo de Gata-Nijar Natural Park, Spain","Europa Press, Onda Cero, Almeria24htv","36.7369342, -2.208682116","Western Mediterranean","https://perma.cc/845Y-VWUT, https://perma.cc/HW36-7WM3",Uncategorized,3
2026.MMP0177,2026.MMP0177,Mediterranean,"Tue, 04/14/2026 - 12:00",2026,April,1,0,,,1,,Unknown,Drowning,Unknown,"Remains washed ashore the coast of Azriq Port, Misrata, Libya","IOM Libya, Libyan Red Crescent","32.43845947, 14.90472825","Central Mediterranean",https://perma.cc/4Y6S-JKQY,Uncategorized,4
2026.MMP0178,2026.MMP0178,"Southern Asia","Sat, 04/04/2026 - 12:00",2026,April,1,0,20,,1,,"Southern Asia",Drowning,Afghanistan,"An unspecified location in the Farah River, Lash Wa Juwayn District, Farah Province, Afghanistan","Pajhwok Afghan News, Atlas Press, Afghan Voice Agency (AVA)","31.70169182, 61.581841","Afghanistan to Iran","https://perma.cc/PD4T-JCCP, https://perma.cc/D4CW-TM3B, https://perma.cc/N339-WCD3","Southern Asia",3
2026.MMP0179,2026.MMP0179,"Southern Asia","Tue, 04/07/2026 - 12:00",2026,April,1,0,,1,,,"Southern Asia","Sickness / lack of access to adequate healthcare",Afghanistan,"At Bagyari Check Post, between Landi Kotal and Jamrud, Khyber Pakhtunkhwa Province, Pakistan","BBC Dari, Tribal News Network, Khaama Press, Dawat Media","34.00442686, 71.317708",,"https://perma.cc/8EY5-CVTH, https://perma.cc/7RCA-AEAR, https://perma.cc/72NM-7H86, https://perma.cc/XXE3-VJFU","Southern Asia",3
2026.MMP0180,2026.MMP0180,"South America","Wed, 04/08/2026 - 12:00",2026,April,1,0,34,,,,"Southern Asia","Vehicle accident / death linked to hazardous transport",Afghanistan,"An unspecified location on the ring road near Sheikh Mesri, Surkh Rod District, Nangarhar Province, Afghanistan","Pajhwok Afghan News, Hasht-e Subh Daily (8AM. Media), Zarin TV, Etilaatroz","34.41144108, 70.397975",,"https://perma.cc/M3MR-XV4Q, https://perma.cc/5QJG-6YKQ, https://perma.cc/3GBG-DADZ, https://perma.cc/3YS8-VMHR","Southern Asia",3
2026.MMP0181,2026.MMP0181,"South-eastern Asia","Thu, 04/09/2026 - 12:00",2026,April,,250,3,19,,,Mixed,"Mixed or unknown",Mixed,"An unspecified location in the Andaman Sea, near the Andaman Islands, a union territory of India","UNHCR, IOM, AP News, Action Against Rohingya Atrocities (AARA), Rohingya Khobor, The Daily Star, Al Jazeera, The Guardian","14.53607269, 93.762013","Bay of Bengal/Andaman Sea","https://perma.cc/9QCX-WFDY, https://perma.cc/YNS9-LTKW, https://perma.cc/SP32-KJNJ, https://perma.cc/MWU2-SF3F, https://perma.cc/4QP5-WP4T, https://perma.cc/V6YP-GQZL","South-eastern Asia",4
2026.MMP0182,2026.MMP0182,Europe,"Thu, 04/16/2026 - 12:00",2026,April,1,0,,,1,,Unknown,Drowning,Unknown,"Body washed ashore the coast of Mao, near Es Murtar Cove, Balearic Islands, Spain","Europa Press, Menorca, Cadena Ser","39.90511261, 4.296691819","Western Mediterranean","https://perma.cc/8F73-CNTY, https://perma.cc/W8V5-6JAH, https://perma.cc/UZ4X-HFB4",Uncategorized,3
2026.MMP0183,2026.MMP0183,"Central America","Thu, 04/09/2026 - 12:00",2026,April,1,0,,,1,,"Central America",Drowning,Mexico,"Rio Bravo close to Colonia Morelos (Morelos Neighborhood), Piedras Negras, Coahuila, Mexico","Dominio Publico, Zócalo","28.68533706, -100.5087708","US-Mexico border crossing","https://perma.cc/V4A9-B6CS, https://perma.cc/5X23-32S5, https://perma.cc/E8VW-UUYL, https://perma.cc/FYH5-GKEL, https://perma.cc/WD2S-WY8D","Central America",3
2026.MMP0184,2026.MMP0184,"Central America","Fri, 04/10/2026 - 12:00",2026,April,1,0,,,1,,"Central America",Drowning,Mexico,"Rio Bravo close to International Bridge I (Puente Internacional I), Piedras Negras, Coahuila, Mexico",Zócalo,"28.70516691, -100.5122667","US-Mexico border crossing","https://perma.cc/428A-Y4AG, https://perma.cc/FYH5-GKEL","Central America",1
2026.MMP0185,2026.MMP0185,"Central America","Sat, 04/11/2026 - 12:00",2026,April,1,0,,,1,,"Latin America / Caribbean (P)",Drowning,Unknown,"Rio Bravo close to Puente Negro del Ferrocarril (Black Railroad Bridge), Piedras Negras, Coahuila, Mexico","Periodico La Voz, El Democrata","28.69617725, -100.5109806","US-Mexico border crossing","https://perma.cc/V62R-5CT8?type=standard, https://perma.cc/2XR2-KR33","Central America",3
2026.MMP0186,2026.MMP0186,Mediterranean,"Wed, 04/08/2026 - 12:00",2026,April,1,0,,,,,Unknown,Drowning,Unknown,"Remains washed ashore at unspecified location in Al Khums, Libya","Libyan Red Crescent via IOM Libya","32.65872022, 14.26494073","Central Mediterranean",,Uncategorized,4
2026.MMP0187,2026.MMP0187,Mediterranean,"Fri, 04/17/2026 - 12:00",2026,April,1,0,,1,,,Unknown,Drowning,Unknown,"Remains washed ashore at Shohadaa Abdel Jalil beach, Janzour, Libya","Libyan Red Crescent via IOM Libya","32.84198782, 13.02645925","Central Mediterranean",,Uncategorized,4
2026.MMP0189,2026.MMP0189,Mediterranean,"Sat, 04/18/2026 - 12:00",2026,April,2,0,,2,,,Unknown,Drowning,Unknown,"Remains washed ashore at Janzour, Libya","Libyan Red Crescent via IOM Libya","32.83584518, 13.00669959","Central Mediterranean",,Uncategorized,4
2026.MMP0190,2026.MMP0190218,Mediterranean,"Sat, 04/18/2026 - 12:00",2026,April,17,-5,3,8,14,5,"Northern Africa",Drowning,Sudan,"off Al Qardabah, 48 KM West Tobruk, Libya - presumed departure on 12-14 April","Abereen Foundation via IOM Libya","32.60238277, 23.50222429","Eastern Mediterranean",,Uncategorized,4
2026.MMP0190,2026.MMP0190219,Mediterranean,"Sat, 04/18/2026 - 12:00",2026,April,4,0,1,,4,,"Northern Africa",Drowning,Egypt,"off Al Qardabah, 48 KM West Tobruk, Libya - presumed departure on 12-14 April","Abereen Foundation via IOM Libya","32.60238277, 23.50222429","Eastern Mediterranean",,Uncategorized,4
2026.MMP0190,2026.MMP0190220,Mediterranean,"Sat, 04/18/2026 - 12:00",2026,April,,1,,,,,"Eastern Africa",Drowning,Somalia,"off Al Qardabah, 48 KM West Tobruk, Libya - presumed departure on 12-14 April","Abereen Foundation via IOM Libya","32.60238277, 23.50222429","Eastern Mediterranean",,Uncategorized,4
2026.MMP0190,2026.MMP0190221,Mediterranean,"Sat, 04/18/2026 - 12:00",2026,April,,21,,,,,Unknown,Drowning,Unknown,"off Al Qardabah, 48 KM West Tobruk, Libya - presumed departure on 12-14 April","Abereen Foundation via IOM Libya","32.60238277, 23.50222429","Eastern Mediterranean",,Uncategorized,4
2026.MMP0191,2026.MMP0191,Mediterranean,"Mon, 04/20/2026 - 12:00",2026,April,1,0,,,1,,Unknown,Drowning,Unknown,"Remains washed ashore at Al Mutrid beach, Zawiyah, Libya","Libyan Red Crescent via IOM Libya","32.79313985, 12.61317076","Central Mediterranean",,Uncategorized,4
2026.MMP0192,2026.MMP0192,Mediterranean,"Mon, 04/20/2026 - 12:00",2026,April,1,0,,,,,Unknown,Drowning,Unknown,"Remains washed ashore at Jadda'im, Zawiyah, Libya","Libyan Red Crescent via IOM Libya","32.78761998, 12.78196226","Central Mediterranean",,Uncategorized,4
2026.MMP0193,2026.MMP0193,Mediterranean,"Sun, 04/19/2026 - 12:00",2026,April,3,10,8,,14,,"Northern Africa",Drowning,Sudan,"Off Derna, Libya - departed from the Western shores of Tobruk on 16-17 April","IOM Libya","32.9108859, 22.91271077","Eastern Mediterranean",,Uncategorized,4
2026.MMP0194,2026.MMP0194238,"Northern Africa","Tue, 04/14/2026 - 12:00",2026,April,5,0,,,,,"Sub-Saharan Africa","Mixed or unknown",Unknown,"Remains recovered in Touissite and Ras Asfour, Jerada, Morocco","Al 3omk, Hespress","34.51555963, -1.854391312",,"https://perma.cc/JD7U-4AEL, https://perma.cc/WK3A-WKHH","Northern Africa",3
2026.MMP0194,2026.MMP0194239,"Northern Africa","Tue, 04/14/2026 - 12:00",2026,April,1,0,,,,,"Middle Africa","Mixed or unknown",Cameroon,"Remains recovered in Touissite and Ras Asfour, Jerada, Morocco","Al 3omk, Hespress","34.51555963, -1.854391312",,"https://perma.cc/JD7U-4AEL, https://perma.cc/WK3A-WKHH","Northern Africa",3
2026.MMP0195,2026.MMP0195,Europe,"Thu, 04/16/2026 - 12:00",2026,April,1,0,6,,,,"Northern Africa",Drowning,Sudan,"In the Kolpa river in Grivac, Kostel, Slovenia","N1 Slovenija, 24 Ur","45.46212097, 14.83774528","Western Balkans","https://perma.cc/22EV-8KLY, https://perma.cc/P6GV-EHAS","Eastern Europe",3
2026.MMP0196,2026.MMP0196,"Eastern Africa","Sun, 04/19/2026 - 12:00",2026,April,1,0,,,,,"Sub-Saharan Africa",Drowning,Unknown,"Unspecified location off Mohéli island, Comoros - departure from Tanzania","IOM Comoros","-12.34622971, 43.47695446","Sea crossings to Mayotte",,Uncategorized,4
2026.MMP0197,2026.MMP0197,Mediterranean,"Mon, 04/20/2026 - 12:00",2026,April,8,8,2,,,,"Northern Africa","Harsh environmental conditions / lack of adequate shelter, food, water",Algeria,"Approx. 25 Miles off Cartagena, Murcia, Spain - taken to to the port of Santa Lucía - departure from Mostaganem, Algeria","Murcia Plaza, El Pais, Le Verdad, Cartagena Actualidad","37.30102728, -0.977640087","Western Mediterranean","https://perma.cc/VC8U-577K, https://perma.cc/7UMD-J7F9, https://perma.cc/79TK-FUYN, https://perma.cc/P6LD-3XVR",Uncategorized,3
2026.MMP0199,2026.MMP0199,Mediterranean,"Tue, 04/21/2026 - 12:00",2026,April,,1,,,,,Unknown,Drowning,Unknown,"Off Zawiyah, Libya at coordinates 33 32N, 012 52E","SOS MEDITERRANEE","33.53349422, 12.8666667","Central Mediterranean",https://perma.cc/JNT7-3TUP,Uncategorized,4
2026.MMP0200,2026.MMP0200,Mediterranean,"Sat, 04/11/2026 - 12:00",2026,April,,1,,,1,,"Northern Africa",Drowning,Algeria,"Unspecified location near the maritime barrier in the Tarajal area, Ceuta, Spain","El Faro de Ceuta, La Nouvelle Tribune","35.85789087, -5.34367006","Western Mediterranean","https://perma.cc/W9T7-J2SP, https://perma.cc/SKD7-2F5Q",Uncategorized,3
2026.MMP0201,2026.MMP0201,Mediterranean,"Wed, 04/22/2026 - 12:00",2026,April,1,0,,,,,"Northern Africa",Drowning,Algeria,"Remains found on Fuente Caballo beach, Ceuta, Spain","EFA via La Verdad de Ceuta, El Faro de Ceuta","35.88652743, -5.313111379","Western Mediterranean","https://perma.cc/W3GH-D7G5, https://perma.cc/PPX2-KZM8, https://perma.cc/FZM6-UQW3",Uncategorized,3
2026.MMP0202,2026.MMP0202,"Eastern Africa","Wed, 03/11/2026 - 12:00",2026,March,1,0,4,,1,,"Eastern Africa",Violence,Chad,"Unspecified location in the bush in Dewele, Ethiopia","IOM Ethiopia","11.03368742, 42.63130556","Eastern Route to/from EHOA",,Uncategorized,2
2026.MMP0203,2026.MMP0203,"Central America","Tue, 03/31/2026 - 12:00",2026,March,1,0,,1,,,Caribbean,"Mixed or unknown",Cuba,"Undetermined location in Villa Hermosa, Tabasco, Mexico","Cibercuba, America Noticias","17.98776295, -92.94169643",,"https://perma.cc/RV7S-WC7R, https://perma.cc/ZM7K-PX6W","Central America",3
2026.MMP0204,2026.MMP0204,"Central America","Sat, 04/18/2026 - 12:00",2026,April,1,0,,,1,,"South America",Drowning,Colombia,"Rio Bravo close to Puente Negro del Ferrocarril (Black Railroad Bridge), Piedras Negras, Coahuila, Mexico","Nmás, El Tiempo, Posta, Zócalo","28.69618512, -100.5109611","US-Mexico border crossing","https://perma.cc/CDC5-DV3E, https://perma.cc/9ZMP-4479, https://perma.cc/QJW7-KYHQ, https://perma.cc/TDD4-M5K9","Central America",3
2026.MMP0205,2026.MMP0205,"Southern Asia","Thu, 04/16/2026 - 12:00",2026,April,2,0,18,,,,"Southern Asia","Vehicle accident / death linked to hazardous transport",Afghanistan,"An unspecified location on Reko Diq Road, Balochistan, Pakistan","Pajhwok Afghan News, Dawn, The Balochistan Post","29.0043497, 62.301883","Afghanistan to Iran","https://perma.cc/T75T-2TSY, https://perma.cc/KYM2-T3VX, https://perma.cc/WVB3-XVRW","Southern Asia",3
2026.MMP0206,2026.MMP0206,Mediterranean,"Thu, 04/23/2026 - 12:00",2026,April,17,0,,5,12,,"Eastern Africa",Drowning,Somalia,"Around 100 kilomteres off Algiers, Algeria","Associated Press, InfoMigrants, Alarm Phone","37.64421333, 3.107450054","Western Mediterranean","https://perma.cc/4CP4-A3Y5, https://perma.cc/P6F8-YPNZ, https://perma.cc/EG8U-JZ5Q",Uncategorized,4
2026.MMP0207,2026.MMP0207,Mediterranean,"Thu, 04/23/2026 - 12:00",2026,April,1,0,,,1,,Unknown,Drowning,Unknown,"Remains recovered in unspecified location in Sabratha, Libya","Libyan Red Crescent via IOM Libya","32.82015478, 12.42118924","Central Mediterranean",,Uncategorized,4
2026.MMP0208,2026.MMP0208253,Mediterranean,"Mon, 04/20/2026 - 12:00",2026,April,1,0,9,,1,,"Northern Africa",Drowning,Sudan,"Off the coast between Umm al Rizam and Martuba, East Derna, Libya","IOM Libya","32.99672444, 23.06640243","Eastern Mediterranean",,Uncategorized,4
2026.MMP0208,2026.MMP0208254,Mediterranean,"Mon, 04/20/2026 - 12:00",2026,April,,16,,,,,Unknown,Drowning,Unknown,"Off the coast between Umm al Rizam and Martuba, around 40 KM East Derna, Libya","IOM Libya","32.99672444, 23.06640243","Eastern Mediterranean",,Uncategorized,4
2026.MMP0209,2026.MMP0209,Mediterranean,"Sat, 04/25/2026 - 12:00",2026,April,2,0,,,,,Unknown,Drowning,Unknown,"Remains washed ashore the coast of Sorman, Libya","Libyan Red Crescent via IOM Libya","32.80430361, 12.57069747","Central Mediterranean",,Uncategorized,4
2026.MMP0210,2026.MMP0210,Mediterranean,"Mon, 04/27/2026 - 12:00",2026,April,1,11,45,,12,,"Northern Africa",Drowning,Sudan,"Unspecified location near Al Bouri Field, Libya","Libyan Coast Guard via IOM LIbya, SOS Mediterranee","32.90570736, 13.20033059","Central Mediterranean",,Uncategorized,4
2026.MMP0211,2026.MMP0211,Mediterranean,"Mon, 04/27/2026 - 12:00",2026,April,1,0,,,,,Unknown,Drowning,Unknown,"Remains washed ashore at Souq Al Khamis beach, Al Khums, Libya","Libyan Red Crescent via IOM Libya","32.58218068, 14.37745544","Central Mediterranean",https://perma.cc/JZW8-HFMG,Uncategorized,4
2026.MMP0212,2026.MMP0212,Mediterranean,"Mon, 04/27/2026 - 12:00",2026,April,1,0,,,,,"Northern Africa",Drowning,Algeria,"Off the coasts of Plage Al-mania, Al-findeq, north of Tétouan, Morocco (en route to Ceuta)","Yabiladi, Al Arabiya, Alalam","35.84360727, -5.330533752","Western Mediterranean","https://perma.cc/KKL3-8DBV, https://perma.cc/49ND-FPTN, https://perma.cc/HV66-7YGS",Uncategorized,3
2026.MMP0213,2026.MMP0213,Mediterranean,"Mon, 04/27/2026 - 12:00",2026,April,1,0,,,,,"Northern Africa",Drowning,Algeria,"Remains washed ashore the coast of Tarajal beach, near the border breakwater, Ceuta, Spain","Europa Press, Infobae, La Verdad de Ceuta, El Faro de Ceuta","35.85346836, -5.347135541","Western Mediterranean","https://perma.cc/D8LR-MCQH, https://perma.cc/5JSM-CA85, https://perma.cc/H3DG-PQKV",Uncategorized,3
2026.MMP0214,2026.MMP0214,Mediterranean,"Wed, 04/29/2026 - 12:00",2026,April,20,6,7,,29,,"Northern Africa","Mixed or unknown",Sudan,"Unspecified location off the coast of Tobruk, Libya","Abereen Foundation via IOM Libya","32.13728594, 23.95967853","Eastern Mediterranean",https://perma.cc/C8BR-DV7R,Uncategorized,4
2026.MMP0215,2026.MMP0215264,Mediterranean,"Sun, 04/26/2026 - 12:00",2026,April,1,0,,,,,Unknown,Drowning,Unknown,"Remains recovered from Las Salinas Beach,  within Cabo de Gata-Nijar Natural Park,  Almeria, Spain","Europa Press, La Voz de Almeria, Almeria Hoy, ABC","36.77707571, -2.26669866","Western Mediterranean","https://perma.cc/7ZJF-X9PV, https://perma.cc/78K7-7TKC, https://perma.cc/3U9Z-QWQU",Uncategorized,3
2026.MMP0215,2026.MMP0215265,Mediterranean,"Mon, 04/27/2026 - 12:00",2026,April,1,0,,,,,"Northern Africa",Drowning,Mixed/Unknown,"Remains washed ashore 17 miles southeast of Garrucha, Almeria, Spain","Europa Press, La Voz de Almeria, Teleprensa","37.28119878, -1.532025495","Western Mediterranean","https://perma.cc/U5WL-SXMS, https://perma.cc/8M7H-LWZY, https://perma.cc/RCJ8-KQM4",Uncategorized,3
2026.MMP0215,2026.MMP0215266,Mediterranean,"Wed, 04/29/2026 - 12:00",2026,April,2,0,,,,,Unknown,Drowning,Unknown,"Body found 15 miles east of the coast of Carboneras, Almeria, Spain","Europa Press, Onda Cero, Diario de Almeria, Andalucia Informacion","37.14574258, -1.680937778","Western Mediterranean","https://perma.cc/F73A-SCVQ, https://perma.cc/Z7T4-8JQY, https://perma.cc/D6RW-RBRL",Uncategorized,3
2026.MMP0215,2026.MMP0215267,Mediterranean,"Sat, 05/02/2026 - 12:00",2026,May,3,0,,,,,Unknown,Drowning,Unknown,"Remains washed ashore in various locations off the coast of Cabo de Gata-Nijar Natural Park, Almeria, Spain","EFE, Europa Press","36.77707571, -2.26669866","Western Mediterranean","https://perma.cc/5J3E-L2HY, https://perma.cc/36SF-7JLU",Uncategorized,3
2026.MMP0218,2026.MMP0218,Mediterranean,"Thu, 04/23/2026 - 12:00",2026,April,4,19,36,,2,1,Mixed,"Vehicle accident / death linked to hazardous transport",Mixed/Unknown,"Off the coast of Sfax, 35KM, Tunisia","Humanitarian partners","34.70460826, 10.76252444","Central Mediterranean",,Uncategorized,4
2026.MMP0219,2026.MMP0219,"Western Asia","Sun, 04/26/2026 - 12:00",2026,April,3,0,147,3,,,"Eastern Africa",Drowning,Ethiopia,"Bodies washed off the coasts of Arqa area, Rudum District, Shabwa Governorate, Yemen","Humanitarian partners","13.71867214, 47.47683384","Eastern Route to/from EHOA",,Uncategorized,4
2026.MMP0220,2026.MMP0220,Mediterranean,"Wed, 04/29/2026 - 12:00",2026,April,1,0,,,1,,"Northern Africa",Drowning,Sudan,"Approx. 6KM off the coast of Hoceima, Morocco","Dalil Rif, Hiba Press, El Massae 24","35.52749565, -3.901081917","Western Mediterranean","https://perma.cc/5M9H-9HGW, https://perma.cc/L9RW-ANH5, https://perma.cc/T7SB-UL78",Uncategorized,3
2026.MMP0221,2026.MMP0221,Europe,"Sun, 05/03/2026 - 12:00",2026,May,2,0,80,1,,1,"Northern Africa","Vehicle accident / death linked to hazardous transport",Sudan,"Off the coast of Neufchatel-Hardelot, Pas de Calais, France","Préfecture maritime de la Manche et de la mer du Nord, Utopia 56, France 24","50.62371666, 1.547946449","Mainland Europe to the UK","https://perma.cc/NXR6-6JS9, https://perma.cc/ED4H-M27M, https://perma.cc/8GUX-NAQZ",Uncategorized,5
2026.MMP0222,2026.MMP0222273,Mediterranean,"Wed, 04/29/2026 - 12:00",2026,April,1,0,,,1,,Unknown,Drowning,Unknown,"Remains recovered from El Campello, Alicante, Spain","EFE, Europa Press, Cadena Ser","38.4217798, -0.362750671","Western Mediterranean","https://perma.cc/WYH7-2S4C, https://perma.cc/H4R5-47EK, https://perma.cc/2RA4-LSGM",Uncategorized,3
2026.MMP0222,2026.MMP0222274,Mediterranean,"Thu, 04/30/2026 - 12:00",2026,April,1,0,,,,1,Unknown,Drowning,Unknown,"Remains recovered from Cabo de las Huertas, Alicante, Spain","EFE, Europa Press, Cadena Ser","38.35118106, -0.39667994","Western Mediterranean","https://perma.cc/WYH7-2S4C, https://perma.cc/H4R5-47EK, https://perma.cc/2RA4-LSGM",Uncategorized,3
2026.MMP0222,2026.MMP0222275,Mediterranean,"Thu, 04/30/2026 - 12:00",2026,April,1,0,,1,,,Unknown,Drowning,Unknown,"Remains recovered from Isla Tabarca, Alicante, Spain","EFE, Europa Press, Cadena Ser","38.17091014, -0.472463384","Western Mediterranean","https://perma.cc/WYH7-2S4C, https://perma.cc/H4R5-47EK, https://perma.cc/2RA4-LSGM",Uncategorized,3
2026.MMP0223,2026.MMP0223,Mediterranean,"Fri, 05/01/2026 - 12:00",2026,May,1,0,,,1,,"Northern Africa",Drowning,Unknown,"Remains washed ashore at Almadraba beach, Ceuta, Spain","El Faro de Ceuta, La verdad de Ceuta","35.87951738, -5.333945094","Western Mediterranean","https://perma.cc/UK64-M24K, https://perma.cc/FZM6-UQW3",Uncategorized,3
2026.MMP0224,2026.MMP0224,Mediterranean,"Thu, 04/30/2026 - 12:00",2026,April,1,0,,,1,,"Sub-Saharan Africa (P)",Drowning,Unknown,"Remains washed ashore at Almutrid, Libya","Libyan Red Crescent via IOM Libya","32.80842067, 12.466177","Central Mediterranean",https://www.facebook.com/share/p/1ELoScxjhX/?mibextid=wwXIfr,Uncategorized,4
2026.MMP0225,2026.MMP0225,Mediterranean,"Mon, 04/13/2026 - 12:00",2026,April,4,11,5,,,,"Northern Africa",Drowning,Morocco,"Oued Laou area of the Tetouan region, Morocco","Humanitrian Partners","35.44818416, -5.087921376","Western Mediterranean",,Uncategorized,4